<?xml version="1.0" ?>
<all>
	<DOI type="str">10.26508/lsa.202302241</DOI>
	<URL type="str">http://dx.doi.org/10.26508/lsa.202302241</URL>
	<publisher type="str">Life Science Alliance, LLC</publisher>
	<authors type="list">
		<item type="dict">
			<author type="str">Maria Naomi I</author>
			<affiliation type="str">Institute of Molecular Medicine, Feinstein Institutes for Medical Research, Manhasset, NY, USA, Donald and Barbara Zucker School of Medicine at Northwell Health, Hempstead, NY, USA</affiliation>
		</item>
		<item type="dict">
			<author type="str">Papoin Julien</author>
			<affiliation type="str">Institute of Molecular Medicine, Feinstein Institutes for Medical Research, Manhasset, NY, USA, Donald and Barbara Zucker School of Medicine at Northwell Health, Hempstead, NY, USA</affiliation>
		</item>
		<item type="dict">
			<author type="str">Raparia Chirag</author>
			<affiliation type="str">Institute of Molecular Medicine, Feinstein Institutes for Medical Research, Manhasset, NY, USA, Donald and Barbara Zucker School of Medicine at Northwell Health, Hempstead, NY, USA</affiliation>
		</item>
		<item type="dict">
			<author type="str">Sun Zeguo</author>
			<affiliation type="str">Department of Medicine, Mount Sinai Medical Center, New York, NY, USA</affiliation>
		</item>
		<item type="dict">
			<author type="str">Josselsohn Rachel</author>
			<affiliation type="str">Institute of Molecular Medicine, Feinstein Institutes for Medical Research, Manhasset, NY, USA</affiliation>
		</item>
		<item type="dict">
			<author type="str">Lu Ailing</author>
			<affiliation type="str">Institute of Molecular Medicine, Feinstein Institutes for Medical Research, Manhasset, NY, USA</affiliation>
		</item>
		<item type="dict">
			<author type="str">Katerji Hani</author>
			<affiliation type="str">Department of Pathology, University of Rochester, Rochester, NY, USA</affiliation>
		</item>
		<item type="dict">
			<author type="str">Syeda Mahrukh M</author>
			<affiliation type="str">The Ronald O. Perelman Department of Dermatology, New York University Grossman School of Medicine, New York, NY, USA</affiliation>
		</item>
		<item type="dict">
			<author type="str">Polsky David</author>
			<affiliation type="str">The Ronald O. Perelman Department of Dermatology, New York University Grossman School of Medicine, New York, NY, USA</affiliation>
		</item>
		<item type="dict">
			<author type="str">Paulson Robert</author>
			<affiliation type="str">Department of Veterinary and Biomedical Sciences, Penn State College of Agricultural Sciences, University Park, PA, USA</affiliation>
		</item>
		<item type="dict">
			<author type="str">Kalfa Theodosia</author>
			<affiliation type="str">Cincinnati Children’s Hospital Medical Center, Cincinnati, OH, USA</affiliation>
		</item>
		<item type="dict">
			<author type="str">Barnes Betsy J</author>
			<affiliation type="str">Institute of Molecular Medicine, Feinstein Institutes for Medical Research, Manhasset, NY, USA, Donald and Barbara Zucker School of Medicine at Northwell Health, Hempstead, NY, USA</affiliation>
		</item>
		<item type="dict">
			<author type="str">Zhang Weijia</author>
			<affiliation type="str">Department of Medicine, Mount Sinai Medical Center, New York, NY, USA</affiliation>
		</item>
		<item type="dict">
			<author type="str">Blanc Lionel</author>
			<affiliation type="str">Institute of Molecular Medicine, Feinstein Institutes for Medical Research, Manhasset, NY, USA, Donald and Barbara Zucker School of Medicine at Northwell Health, Hempstead, NY, USA</affiliation>
		</item>
		<item type="dict">
			<author type="str">Davidson Anne</author>
			<affiliation type="str">Institute of Molecular Medicine, Feinstein Institutes for Medical Research, Manhasset, NY, USA, Donald and Barbara Zucker School of Medicine at Northwell Health, Hempstead, NY, USA</affiliation>
		</item>
	</authors>
	<title type="str">Human TLR8 induces inflammatory bone marrow erythromyeloblastic islands and anemia in SLE-prone mice</title>
	<journal_name type="str">Life Science Alliance</journal_name>
	<last_audited_on type="null"/>
	<publicly_accessible_on_publisher_site type="null"/>
	<license_type type="str">VOR</license_type>
	<licenseUrl type="str">https://creativecommons.org/licenses/by/4.0/</licenseUrl>
	<grant_ids type="list">
		<item type="str">NHLBI:HL152099</item>
		<item type="str">NHLBI:HL146528</item>
		<item type="str">USDA:PEN04771</item>
	</grant_ids>
	<updated type="str">3/10/2024</updated>
	<added type="str">8/4/2023</added>
	<orcid_profile type="null"/>
	<member_id type="str"/>
	<published_print type="str">10/2023</published_print>
	<published_online type="str">7/26/2023</published_online>
	<reuse_license_start_date type="str">07/26/2023</reuse_license_start_date>
	<type type="str">journal-article</type>
	<archived_status type="str">Unknown</archived_status>
	<datasets type="null"/>
	<agency_portal_url type="null"/>
	<funders type="list">
		<item type="str">HHS | NIH | National Heart, Lung, and Blood Institute</item>
		<item type="str">Lupus Research Alliance</item>
		<item type="str">USDA</item>
	</funders>
	<funderIDs type="list">
		<item type="str">10.13039/100000050</item>
		<item type="str">10.13039/100012051</item>
		<item type="str">10.13039/100000199</item>
	</funderIDs>
	<RORID type="list">
		<item type="str">https://ror.org/012pb6c26</item>
		<item type="str">https://ror.org/02hkvsj16</item>
		<item type="str">https://ror.org/01na82s61</item>
	</RORID>
	<auditSource type="str"/>
	<Funder_Source type="str">Crossref</Funder_Source>
</all>
