<?xml version="1.0" ?>
<all>
	<DOI type="str">10.1053/jhep.2000.7476</DOI>
	<URL type="str">http://dx.doi.org/10.1053/jhep.2000.7476</URL>
	<publisher type="str">Ovid Technologies (Wolters Kluwer Health)</publisher>
	<authors type="list">
		<item type="dict">
			<author type="str">Kim Hun-Taek</author>
			<affiliation type="str"/>
		</item>
		<item type="dict">
			<author type="str">Stoica George</author>
			<affiliation type="str"/>
		</item>
		<item type="dict">
			<author type="str">Bazer Fuller W.</author>
			<affiliation type="str"/>
		</item>
		<item type="dict">
			<author type="str">Ott Troy L.</author>
			<affiliation type="str"/>
		</item>
	</authors>
	<title type="str">Interferon tau-induced hepatocyte apoptosis in sheep</title>
	<journal_name type="str">Hepatology</journal_name>
	<last_audited_on type="str">7/31/2019</last_audited_on>
	<publicly_accessible_on_publisher_site type="str">12/30/2003</publicly_accessible_on_publisher_site>
	<license_type type="null"/>
	<licenseUrl type="null"/>
	<agency_portal_url type="null"/>
	<grant_ids type="list">
		<item type="str">USDA:FAH TEX 08521</item>
	</grant_ids>
	<updated type="str">3/10/2024</updated>
	<added type="str">4/8/2018</added>
	<orcid_profile type="null"/>
	<member_id type="str"/>
	<published_print type="str">6/2000</published_print>
	<published_online type="str">12/30/2003</published_online>
	<reuse_license_start_date type="null"/>
	<type type="str">journal-article</type>
	<archived_status type="str">Yes</archived_status>
	<datasets type="null"/>
	<funders type="list">
		<item type="str">USDA</item>
	</funders>
	<funderIDs type="list">
		<item type="str">10.13039/100000199</item>
	</funderIDs>
	<RORID type="list">
		<item type="str">https://ror.org/01na82s61</item>
	</RORID>
	<auditSource type="str">CHORUS</auditSource>
	<Funder_Source type="str">Crossref</Funder_Source>
</all>
