<?xml version="1.0" ?>
<all>
	<DOI type="str">10.26508/lsa.202301968</DOI>
	<URL type="str">http://dx.doi.org/10.26508/lsa.202301968</URL>
	<publisher type="str">Life Science Alliance, LLC</publisher>
	<authors type="list">
		<item type="dict">
			<author type="str">Plewes Michele R</author>
			<affiliation type="str">Olson Center for Women’s Health, Department of Obstetrics and Gynecology, University of Nebraska Medical Center, Department of Biochemistry and Molecular Biology, University of Nebraska Medical Center, U.S Department of Veterans Affairs Nebraska Western Iowa Health Care System, Omaha, NE, USA</affiliation>
		</item>
		<item type="dict">
			<author type="str">Przygrodzka Emilia</author>
			<affiliation type="str">Olson Center for Women’s Health, Department of Obstetrics and Gynecology, University of Nebraska Medical Center</affiliation>
		</item>
		<item type="dict">
			<author type="str">Monaco Corrine F</author>
			<affiliation type="str">Olson Center for Women’s Health, Department of Obstetrics and Gynecology, University of Nebraska Medical Center, Department of Cellular and Integrative Physiology, University of Nebraska Medical Center</affiliation>
		</item>
		<item type="dict">
			<author type="str">Snider Alexandria P</author>
			<affiliation type="str">Department of Animal Sciences, University of Nebraska–Lincoln, Lincoln, NE, USA</affiliation>
		</item>
		<item type="dict">
			<author type="str">Keane Jessica A</author>
			<affiliation type="str">Department of Animal Sciences, University of Nebraska–Lincoln, Lincoln, NE, USA</affiliation>
		</item>
		<item type="dict">
			<author type="str">Burns Patrick D</author>
			<affiliation type="str">Department of Biological Sciences, University of Northern Colorado</affiliation>
		</item>
		<item type="dict">
			<author type="str">Wood Jennifer R</author>
			<affiliation type="str">Department of Animal Sciences, University of Nebraska–Lincoln, Lincoln, NE, USA</affiliation>
		</item>
		<item type="dict">
			<author type="str">Cupp Andrea S</author>
			<affiliation type="str">Department of Animal Sciences, University of Nebraska–Lincoln, Lincoln, NE, USA</affiliation>
		</item>
		<item type="dict">
			<author type="str">Davis John S</author>
			<affiliation type="str">Olson Center for Women’s Health, Department of Obstetrics and Gynecology, University of Nebraska Medical Center, Department of Biochemistry and Molecular Biology, University of Nebraska Medical Center, U.S Department of Veterans Affairs Nebraska Western Iowa Health Care System, Omaha, NE, USA</affiliation>
		</item>
	</authors>
	<title type="str">Prostaglandin F2α regulates mitochondrial dynamics and mitophagy in the bovine corpus luteum</title>
	<journal_name type="str">Life Science Alliance</journal_name>
	<last_audited_on type="null"/>
	<publicly_accessible_on_publisher_site type="null"/>
	<license_type type="str">VOR</license_type>
	<licenseUrl type="str">https://creativecommons.org/licenses/by/4.0/</licenseUrl>
	<grant_ids type="list">
		<item type="str">NICHD:R01 HD087402</item>
		<item type="str">NICHD:R01HD092263</item>
		<item type="str">VA:IK2 BX004911-01A1</item>
		<item type="str">VA:IK6BX005797</item>
		<item type="str">USDA:2018-67012-29531</item>
		<item type="str">USDA:2017-67015-26450</item>
	</grant_ids>
	<updated type="str">3/10/2024</updated>
	<added type="str">6/5/2023</added>
	<orcid_profile type="null"/>
	<member_id type="str"/>
	<published_print type="str">7/2023</published_print>
	<published_online type="str">5/15/2023</published_online>
	<reuse_license_start_date type="str">05/15/2023</reuse_license_start_date>
	<type type="str">journal-article</type>
	<archived_status type="str">Unknown</archived_status>
	<datasets type="null"/>
	<agency_portal_url type="null"/>
	<funders type="list">
		<item type="str">HHS | NIH | Eunice Kennedy Shriver National Institute of Child Health and Human Development</item>
		<item type="str">HHS | NIH | Eunice Kennedy Shriver National Institute of Child Health and Human Development</item>
		<item type="str">VA</item>
		<item type="str">VA</item>
		<item type="str">USDA</item>
		<item type="str">USDA</item>
	</funders>
	<funderIDs type="list">
		<item type="str">10.13039/100009633</item>
		<item type="str">10.13039/100009633</item>
		<item type="str">10.13039/100000738</item>
		<item type="str">10.13039/100000738</item>
		<item type="str">10.13039/100000199</item>
		<item type="str">10.13039/100000199</item>
	</funderIDs>
	<RORID type="list">
		<item type="str">https://ror.org/04byxyr05</item>
		<item type="str">https://ror.org/04byxyr05</item>
		<item type="str">https://ror.org/05rsv9s98</item>
		<item type="str">https://ror.org/05rsv9s98</item>
		<item type="str">https://ror.org/01na82s61</item>
		<item type="str">https://ror.org/01na82s61</item>
	</RORID>
	<auditSource type="str"/>
	<Funder_Source type="str">Crossref</Funder_Source>
</all>
