<?xml version="1.0" encoding="UTF-8"?>
<all>
   <DOI type="str">10.1016/j.amsu.2020.10.007</DOI>
   <URL type="str">http://dx.doi.org/10.1016/j.amsu.2020.10.007</URL>
   <publisher type="str">Ovid Technologies (Wolters Kluwer Health)</publisher>
   <authors type="list">
      <item type="dict">
         <author type="str">Sen-Crowe Brendon</author>
         <affiliation type="str"/>
      </item>
      <item type="dict">
         <author type="str">McKenney Mark</author>
         <affiliation type="str"/>
      </item>
      <item type="dict">
         <author type="str">Elkbuli Adel</author>
         <affiliation type="str"/>
      </item>
   </authors>
   <title type="str">Public health prevention and emergency preparedness funding in the United States: Are we ready for the next pandemic?</title>
   <journal_name type="str">Annals of Medicine and Surgery</journal_name>
   <last_audited_on type="null"/>
   <publicly_accessible_on_publisher_site type="null"/>
   <license_type type="null"/>
   <licenseUrl type="null"/>
   <grant_ids type="list">
      <item type="str"/>
   </grant_ids>
   <updated type="str">3/10/2024</updated>
   <added type="str">10/13/2020</added>
   <orcid_profile type="null"/>
   <member_id type="str"/>
   <published_print type="str">11/2020</published_print>
   <published_online type="null"/>
   <reuse_license_start_date type="null"/>
   <type type="str">journal-article</type>
   <archived_status type="str">Yes</archived_status>
   <datasets type="null"/>
   <agency_portal_url type="null"/>
   <funders type="list">
      <item type="str">CDC</item>
      <item type="str">CDC</item>
      <item type="str">Department of Agriculture</item>
      <item type="str">NIH</item>
      <item type="str">OPHPR</item>
      <item type="str">OPHPR</item>
      <item type="str">OPHPR</item>
      <item type="str">USDA</item>
   </funders>
   <funderIDs type="list">
      <item type="str">10.13039/100000030</item>
      <item type="str">10.13039/100000030</item>
      <item type="str">10.13039/501100003526</item>
      <item type="str">10.13039/100000002</item>
      <item type="str">10.13039/100005195</item>
      <item type="str">10.13039/100005195</item>
      <item type="str">10.13039/100005195</item>
      <item type="str">10.13039/100000199</item>
   </funderIDs>
   <RORID type="list">
      <item type="str">https://ror.org/042twtr12</item>
      <item type="str">https://ror.org/042twtr12</item>
      <item type="str">https://ror.org/030c92375</item>
      <item type="str">https://ror.org/01cwqze88</item>
      <item type="str">https://ror.org/00sdb8f83</item>
      <item type="str">https://ror.org/00sdb8f83</item>
      <item type="str">https://ror.org/00sdb8f83</item>
      <item type="str">https://ror.org/01na82s61</item>
   </RORID>
   <auditSource type="str"/>
   <Funder_Source type="str">Crossref</Funder_Source>
</all>
