<?xml version="1.0" encoding="UTF-8"?>
<all>
   <DOI type="str">10.1190/geo2020-0366.1</DOI>
   <URL type="str">http://dx.doi.org/10.1190/geo2020-0366.1</URL>
   <publisher type="str">Society of Exploration Geophysicists</publisher>
   <authors type="list">
      <item type="dict">
         <author type="str">Bakhtiari Rad Parsa</author>
         <affiliation type="str">University of Mississippi, National Center for Physical Acoustics, 145 Hill Drive, Oxford, Mississippi 38677, USA.(corresponding author); .</affiliation>
      </item>
      <item type="dict">
         <author type="str">Hickey Craig J.</author>
         <affiliation type="str">University of Mississippi, National Center for Physical Acoustics, 145 Hill Drive, Oxford, Mississippi 38677, USA.(corresponding author); .</affiliation>
      </item>
   </authors>
   <title type="str">Seismic diffraction separation in the near surface: Detection of high-contrast voids in unconsolidated soils</title>
   <journal_name type="str">GEOPHYSICS</journal_name>
   <last_audited_on type="null"/>
   <publicly_accessible_on_publisher_site type="null"/>
   <license_type type="null"/>
   <licenseUrl type="null"/>
   <grant_ids type="list">
      <item type="str">ARS:58-6060-6-009</item>
      <item type="str">ONR:N00014-18-1-2489</item>
   </grant_ids>
   <updated type="str">3/10/2024</updated>
   <added type="str">7/11/2022</added>
   <orcid_profile type="null"/>
   <member_id type="str"/>
   <published_print type="str">5/1/2021</published_print>
   <published_online type="str">3/11/2021</published_online>
   <reuse_license_start_date type="null"/>
   <type type="str">journal-article</type>
   <archived_status type="str">Yes</archived_status>
   <datasets type="null"/>
   <agency_portal_url type="null"/>
   <funders type="list">
      <item type="str">Agricultural Research Service</item>
      <item type="str">Office of Naval Research</item>
   </funders>
   <funderIDs type="list">
      <item type="str">10.13039/100007917</item>
      <item type="str">10.13039/100000006</item>
   </funderIDs>
   <RORID type="list">
      <item type="str">https://ror.org/02d2m2044</item>
      <item type="str">https://ror.org/00rk2pe57</item>
   </RORID>
   <auditSource type="str"/>
   <Funder_Source type="str">Crossref</Funder_Source>
</all>
