<?xml version="1.0" encoding="UTF-8"?>
<mods xmlns="http://www.loc.gov/mods/v3"
      xmlns:mods="http://www.loc.gov/mods/v3"
      xmlns:xsi="http://www.w3.org/2001/XMLSchema-instance"
      version="3.7"
      xsi:schemaLocation="http://www.loc.gov/mods/v3 http://www.loc.gov/standards/mods/v3/mods-3-7.xsd">
   <titleInfo>
      <title>Magnesium Intake, Quality of Carbohydrates, and Risk of Type 2 Diabetes: Results From Three U.S. Cohorts</title>
   </titleInfo>
   <name type="personal" usage="primary">
      <namePart type="family">Hruby</namePart>
      <namePart type="given">Adela</namePart>
      <displayForm>Hruby, Adela</displayForm>
      <role>
         <roleTerm type="text">author</roleTerm>
      </role>
      <affiliation>Nutritional Epidemiology Program, Jean Mayer USDA Human Nutrition Research Center on Aging, Tufts University, Boston, MA, Department of Nutrition, Harvard T.H. Chan School of Public Health, Boston, MA</affiliation>
   </name>
   <name type="personal">
      <namePart type="family">Guasch-Ferré</namePart>
      <namePart type="given">Marta</namePart>
      <displayForm>Guasch-Ferré, Marta</displayForm>
      <role>
         <roleTerm type="text">author</roleTerm>
      </role>
      <affiliation>Department of Nutrition, Harvard T.H. Chan School of Public Health, Boston, MA</affiliation>
      <nameIdentifier type="orcid">http://orcid.org/0000-0001-8525-1404</nameIdentifier>
   </name>
   <name type="personal">
      <namePart type="family">Bhupathiraju</namePart>
      <namePart type="given">Shilpa N.</namePart>
      <displayForm>Bhupathiraju, Shilpa N.</displayForm>
      <role>
         <roleTerm type="text">author</roleTerm>
      </role>
      <affiliation>Department of Nutrition, Harvard T.H. Chan School of Public Health, Boston, MA, Channing Division of Network Medicine, Brigham and Women’s Hospital and Harvard Medical School, Boston, MA</affiliation>
   </name>
   <name type="personal">
      <namePart type="family">Manson</namePart>
      <namePart type="given">JoAnn E.</namePart>
      <displayForm>Manson, JoAnn E.</displayForm>
      <role>
         <roleTerm type="text">author</roleTerm>
      </role>
      <affiliation>Division of Preventive Medicine, Brigham and Women’s Hospital and Harvard Medical School, Boston, MA, Department of Epidemiology, Harvard T.H. Chan School of Public Health, Boston, MA</affiliation>
   </name>
   <name type="personal">
      <namePart type="family">Willett</namePart>
      <namePart type="given">Walter C.</namePart>
      <displayForm>Willett, Walter C.</displayForm>
      <role>
         <roleTerm type="text">author</roleTerm>
      </role>
      <affiliation>Department of Nutrition, Harvard T.H. Chan School of Public Health, Boston, MA, Channing Division of Network Medicine, Brigham and Women’s Hospital and Harvard Medical School, Boston, MA, Department of Epidemiology, Harvard T.H. Chan School of Public Health, Boston, MA</affiliation>
   </name>
   <name type="personal">
      <namePart type="family">McKeown</namePart>
      <namePart type="given">Nicola M.</namePart>
      <displayForm>McKeown, Nicola M.</displayForm>
      <role>
         <roleTerm type="text">author</roleTerm>
      </role>
      <affiliation>Nutritional Epidemiology Program, Jean Mayer USDA Human Nutrition Research Center on Aging, Tufts University, Boston, MA</affiliation>
   </name>
   <name type="personal">
      <namePart type="family">Hu</namePart>
      <namePart type="given">Frank B.</namePart>
      <displayForm>Hu, Frank B.</displayForm>
      <role>
         <roleTerm type="text">author</roleTerm>
      </role>
      <affiliation>Department of Nutrition, Harvard T.H. Chan School of Public Health, Boston, MA, Channing Division of Network Medicine, Brigham and Women’s Hospital and Harvard Medical School, Boston, MA, Department of Epidemiology, Harvard T.H. Chan School of Public Health, Boston, MA</affiliation>
   </name>
   <typeOfResource>text</typeOfResource>
   <genre>article</genre>
   <originInfo>
      <dateIssued encoding="w3cdtf" keyDate="yes">2017-12-01</dateIssued>
      <dateOther encoding="w3cdtf" type="electronic">2017-10-04</dateOther>
   </originInfo>
   <relatedItem type="host">
      <titleInfo>
         <title>Diabetes Care</title>
      </titleInfo>
      <originInfo>
         <publisher>American Diabetes Association</publisher>
      </originInfo>
   </relatedItem>
   <identifier type="doi">10.2337/dc17-1143</identifier>
   <identifier type="chorus">10.2337/dc17-1143</identifier>
   <location>
      <url displayLabel="Available from publisher's site">https://dx.doi.org/10.2337/dc17-1143</url>
   </location>
   <extension>
      <vendorName>CHORUS</vendorName>
      <workingDirectory>/data/metadata/staging/chorus</workingDirectory>
      <funding-group specific-use="crossref">
         <award-group>
            <funding-source>
               <institution-wrap>
                  <institution>Agricultural Research Service</institution>
               </institution-wrap>
            </funding-source>
         </award-group>
         <award-group>
            <funding-source>
               <institution-wrap>
                  <institution>NIDDK</institution>
               </institution-wrap>
            </funding-source>
         </award-group>
         <award-group>
            <funding-source>
               <institution-wrap>
                  <institution>National Cancer Institute</institution>
               </institution-wrap>
            </funding-source>
         </award-group>
         <award-group>
            <funding-source>
               <institution-wrap>
                  <institution>National Heart, Lung, and Blood Institute</institution>
               </institution-wrap>
            </funding-source>
         </award-group>
         <award-group>
            <funding-source>
               <institution-wrap>
                  <institution>National Institute of Diabetes and Digestive and Kidney Diseases</institution>
               </institution-wrap>
            </funding-source>
         </award-group>
      </funding-group>
   </extension>
   <recordInfo>
      <recordCreationDate>2024-04-23T12:00:58.688161-04:00</recordCreationDate>
      <recordOrigin>XML source generated via Python using CHORUS API JSON data; converted to MODS with chorus_to_mods.xsl</recordOrigin>
   </recordInfo>
</mods>
