<?xml version="1.0" encoding="UTF-8"?>
<mods xmlns="http://www.loc.gov/mods/v3"
      xmlns:mods="http://www.loc.gov/mods/v3"
      xmlns:xsi="http://www.w3.org/2001/XMLSchema-instance"
      version="3.7"
      xsi:schemaLocation="http://www.loc.gov/mods/v3 http://www.loc.gov/standards/mods/v3/mods-3-7.xsd">
   <titleInfo>
      <title>Dynamical analysis of a Lotka–Volterra competition model with both Allee and fear effects</title>
   </titleInfo>
   <name type="personal" usage="primary">
      <namePart type="family">Chen</namePart>
      <namePart type="given">Shangming</namePart>
      <displayForm>Chen, Shangming</displayForm>
      <role>
         <roleTerm type="text">author</roleTerm>
      </role>
      <affiliation>School of Mathematics and Statistics, Fuzhou University, Fuzhou, Fujian 350108, P. R. China</affiliation>
   </name>
   <name type="personal">
      <namePart type="family">Chen</namePart>
      <namePart type="given">Fengde</namePart>
      <displayForm>Chen, Fengde</displayForm>
      <role>
         <roleTerm type="text">author</roleTerm>
      </role>
      <affiliation>School of Mathematics and Statistics, Fuzhou University, Fuzhou, Fujian 350108, P. R. China</affiliation>
   </name>
   <name type="personal">
      <namePart type="family">Srivastava</namePart>
      <namePart type="given">Vaibhava</namePart>
      <displayForm>Srivastava, Vaibhava</displayForm>
      <role>
         <roleTerm type="text">author</roleTerm>
      </role>
      <affiliation>Department of Mathematics, Iowa State University, Ames, IA 50011, USA</affiliation>
   </name>
   <name type="personal">
      <namePart type="family">Parshad</namePart>
      <namePart type="given">Rana D.</namePart>
      <displayForm>Parshad, Rana D.</displayForm>
      <role>
         <roleTerm type="text">author</roleTerm>
      </role>
      <affiliation>Department of Mathematics, Iowa State University, Ames, IA 50011, USA</affiliation>
   </name>
   <typeOfResource>text</typeOfResource>
   <genre>article</genre>
   <originInfo>
      <dateIssued encoding="w3cdtf" keyDate="yes">2023-10-05</dateIssued>
   </originInfo>
   <relatedItem type="host">
      <titleInfo>
         <title>International Journal of Biomathematics</title>
      </titleInfo>
      <originInfo>
         <publisher>World Scientific Pub Co Pte Ltd</publisher>
      </originInfo>
   </relatedItem>
   <identifier type="doi">10.1142/s1793524523500778</identifier>
   <identifier type="chorus">10.1142/s1793524523500778</identifier>
   <location>
      <url displayLabel="Available from publisher's site">https://dx.doi.org/10.1142/s1793524523500778</url>
   </location>
   <extension>
      <vendorName>CHORUS</vendorName>
      <workingDirectory>/data/metadata/staging/chorus</workingDirectory>
      <funding-group specific-use="crossref">
         <award-group>
            <funding-source>
               <institution-wrap>
                  <institution>National Institute of Food and Agriculture</institution>
               </institution-wrap>
            </funding-source>
         </award-group>
      </funding-group>
   </extension>
   <recordInfo>
      <recordCreationDate>2024-04-23T12:00:57.944292-04:00</recordCreationDate>
      <recordOrigin>XML source generated via Python using CHORUS API JSON data; converted to MODS with chorus_to_mods.xsl</recordOrigin>
   </recordInfo>
</mods>
