<?xml version="1.0" ?>
<all>
	<DOI type="str">10.1097/dbp.0000000000001244</DOI>
	<URL type="str">http://dx.doi.org/10.1097/dbp.0000000000001244</URL>
	<publisher type="str">Ovid Technologies (Wolters Kluwer Health)</publisher>
	<authors type="list">
		<item type="dict">
			<author type="str">Kowalski Alysse J.</author>
			<affiliation type="str">Department of Pediatrics, University of Maryland School of Medicine, Baltimore, MD;</affiliation>
		</item>
		<item type="dict">
			<author type="str">Wang Yan</author>
			<affiliation type="str">Department of Prevention and Community Health, Milken Institute School of Public Health, The George Washington University, Washington, DC;</affiliation>
		</item>
		<item type="dict">
			<author type="str">Armstrong Bridget</author>
			<affiliation type="str">Department of Exercise Science, Arnold School of Public Health, University of South Carolina, Columbia, SC;</affiliation>
		</item>
		<item type="dict">
			<author type="str">Trude Angela C. B.</author>
			<affiliation type="str">Department of Nutrition and Food Studies, New York University Steinhardt School of Culture, Education, and Human Development, New York, NY;</affiliation>
		</item>
		<item type="dict">
			<author type="str">Hager Erin</author>
			<affiliation type="str">Department of Population, Family and Reproductive Health, Johns Hopkins Bloomberg School of Public Health, Baltimore, MD; and</affiliation>
		</item>
		<item type="dict">
			<author type="str">Black Maureen M.</author>
			<affiliation type="str">Department of Pediatrics, University of Maryland School of Medicine, Baltimore, MD;, RTI International, Research Triangle Park, NC.</affiliation>
		</item>
	</authors>
	<title type="str">Preschoolers' Self-Regulation and Behavior Problems in the Midst of Caregiver Depression and Chaos</title>
	<journal_name type="str">Journal of Developmental &amp;amp; Behavioral Pediatrics</journal_name>
	<last_audited_on type="null"/>
	<publicly_accessible_on_publisher_site type="null"/>
	<license_type type="null"/>
	<licenseUrl type="null"/>
	<grant_ids type="list">
		<item type="str">ICTR:Grant 419</item>
		<item type="str">ICTR:TL1 TR003100</item>
		<item type="str">NIDDK:R01 DK107761</item>
		<item type="str">USDA:2016-68001-24927</item>
	</grant_ids>
	<added type="str">2/22/2024</added>
	<orcid_profile type="null"/>
	<member_id type="str"/>
	<updated type="null"/>
	<published_print type="null"/>
	<published_online type="str">2/20/2024</published_online>
	<reuse_license_start_date type="null"/>
	<type type="str">journal-article</type>
	<archived_status type="str">Yes</archived_status>
	<datasets type="null"/>
	<agency_portal_url type="null"/>
	<funders type="list">
		<item type="str">Institute for Clinical and Translational Research, University of Maryland, Baltimore</item>
		<item type="str">Institute for Clinical and Translational Research, University of Maryland, Baltimore</item>
		<item type="str">National Institute of Diabetes and Digestive and Kidney Diseases</item>
		<item type="str">USDA</item>
	</funders>
	<funderIDs type="list">
		<item type="str">10.13039/100019822</item>
		<item type="str">10.13039/100019822</item>
		<item type="str">10.13039/100000062</item>
		<item type="str">10.13039/100000199</item>
	</funderIDs>
	<RORID type="list">
		<item type="str"> </item>
		<item type="str"> </item>
		<item type="str">https://ror.org/00adh9b73</item>
		<item type="str">https://ror.org/01na82s61</item>
	</RORID>
	<auditSource type="str"/>
	<Funder_Source type="str">Crossref</Funder_Source>
</all>
