<?xml version="1.0" ?>
<all>
	<DOI type="str">10.2514/1.i010885</DOI>
	<URL type="str">http://dx.doi.org/10.2514/1.i010885</URL>
	<publisher type="str">American Institute of Aeronautics and Astronautics (AIAA)</publisher>
	<authors type="list">
		<item type="dict">
			<author type="str">Tian Pengzhi</author>
			<affiliation type="str">University of Kansas, Lawrence, Kansas 66045</affiliation>
		</item>
		<item type="dict">
			<author type="str">Chao Haiyang</author>
			<affiliation type="str">University of Kansas, Lawrence, Kansas 66045</affiliation>
		</item>
		<item type="dict">
			<author type="str">Rhudy Matthew</author>
			<affiliation type="str">Pennsylvania State University, Reading, Pennsylvania 19610</affiliation>
		</item>
		<item type="dict">
			<author type="str">Gross Jason</author>
			<affiliation type="str">West Virginia University, Morgantown, West Virginia 26506</affiliation>
		</item>
		<item type="dict">
			<author type="str">Wu Huixuan</author>
			<affiliation type="str">University of Kansas, Lawrence, Kansas 66045</affiliation>
		</item>
	</authors>
	<title type="str">Wind Sensing and Estimation Using Small Fixed-Wing Unmanned Aerial Vehicles: A Survey</title>
	<journal_name type="str">Journal of Aerospace Information Systems</journal_name>
	<last_audited_on type="str">10/18/2022</last_audited_on>
	<publicly_accessible_on_publisher_site type="null"/>
	<license_type type="str">AM</license_type>
	<licenseUrl type="str">https://www.aiaa.org/userlicenses/1.0/#CompEndUserLicense</licenseUrl>
	<agency_portal_url type="null"/>
	<grant_ids type="list">
		<item type="str">NIFA:2019-67021-28992</item>
	</grant_ids>
	<updated type="str">3/10/2024</updated>
	<added type="str">2/23/2021</added>
	<orcid_profile type="null"/>
	<member_id type="str"/>
	<published_print type="str">3/2021</published_print>
	<published_online type="null"/>
	<reuse_license_start_date type="str">01/31/2022</reuse_license_start_date>
	<type type="str">journal-article</type>
	<archived_status type="str">Yes</archived_status>
	<datasets type="null"/>
	<funders type="list">
		<item type="str">National Institute of Food and Agriculture</item>
	</funders>
	<funderIDs type="list">
		<item type="str">10.13039/100005825</item>
	</funderIDs>
	<RORID type="list">
		<item type="str">https://ror.org/05qx3fv49</item>
	</RORID>
	<auditSource type="str">CHORUS</auditSource>
	<Funder_Source type="str">Crossref</Funder_Source>
</all>
