<?xml version="1.0" ?>
<all>
	<DOI type="str">10.1116/6.0002772</DOI>
	<URL type="str">http://dx.doi.org/10.1116/6.0002772</URL>
	<publisher type="str">American Vacuum Society</publisher>
	<authors type="list">
		<item type="dict">
			<author type="str">Scearce Alex E.</author>
			<affiliation type="str">School of Food and Agriculture, University of Maine, Orono, Maine 04469 1</affiliation>
		</item>
		<item type="dict">
			<author type="str">Goossen Caleb P.</author>
			<affiliation type="str">Maine Organic Farmers and Gardeners Association, 2 Unity, Maine 04988</affiliation>
		</item>
		<item type="dict">
			<author type="str">Schattman Rachel E.</author>
			<affiliation type="str">School of Food and Agriculture, University of Maine, Orono, Maine 04469 1</affiliation>
		</item>
		<item type="dict">
			<author type="str">Mallory Ellen B.</author>
			<affiliation type="str">School of Food and Agriculture, University of Maine, Orono, Maine 04469 1, University of Maine Cooperative Extension, 3 Orono, Maine 04469</affiliation>
		</item>
		<item type="dict">
			<author type="str">MacRae Jean D.</author>
			<affiliation type="str">Department of Civil and Environmental Engineering, University of Maine, Orono, Maine 04469 4</affiliation>
		</item>
	</authors>
	<title type="str">Linking drivers of plant per- and polyfluoroalkyl substance (PFAS) uptake to agricultural land management decisions</title>
	<journal_name type="str">Biointerphases</journal_name>
	<last_audited_on type="null"/>
	<publicly_accessible_on_publisher_site type="null"/>
	<license_type type="null"/>
	<licenseUrl type="null"/>
	<grant_ids type="list">
		<item type="str">USDA:ME0-0223322</item>
	</grant_ids>
	<updated type="str">3/10/2024</updated>
	<added type="str">7/10/2023</added>
	<orcid_profile type="null"/>
	<member_id type="str"/>
	<published_print type="str">7/1/2023</published_print>
	<published_online type="str">7/6/2023</published_online>
	<reuse_license_start_date type="null"/>
	<type type="str">journal-article</type>
	<archived_status type="str">Yes</archived_status>
	<datasets type="null"/>
	<agency_portal_url type="null"/>
	<funders type="list">
		<item type="str">USDA</item>
	</funders>
	<funderIDs type="list">
		<item type="str">10.13039/100000199</item>
	</funderIDs>
	<RORID type="list">
		<item type="str">https://ror.org/01na82s61</item>
	</RORID>
	<auditSource type="str"/>
	<Funder_Source type="str">Crossref</Funder_Source>
</all>
