<?xml version="1.0" ?>
<all>
	<DOI type="str">10.1142/s1793524523500778</DOI>
	<URL type="str">http://dx.doi.org/10.1142/s1793524523500778</URL>
	<publisher type="str">World Scientific Pub Co Pte Ltd</publisher>
	<authors type="list">
		<item type="dict">
			<author type="str">Chen Shangming</author>
			<affiliation type="str">School of Mathematics and Statistics, Fuzhou University, Fuzhou, Fujian 350108, P. R. China</affiliation>
		</item>
		<item type="dict">
			<author type="str">Chen Fengde</author>
			<affiliation type="str">School of Mathematics and Statistics, Fuzhou University, Fuzhou, Fujian 350108, P. R. China</affiliation>
		</item>
		<item type="dict">
			<author type="str">Srivastava Vaibhava</author>
			<affiliation type="str">Department of Mathematics, Iowa State University, Ames, IA 50011, USA</affiliation>
		</item>
		<item type="dict">
			<author type="str">Parshad Rana D.</author>
			<affiliation type="str">Department of Mathematics, Iowa State University, Ames, IA 50011, USA</affiliation>
		</item>
	</authors>
	<title type="str">Dynamical analysis of a Lotka–Volterra competition model with both Allee and fear effects</title>
	<journal_name type="str">International Journal of Biomathematics</journal_name>
	<last_audited_on type="null"/>
	<publicly_accessible_on_publisher_site type="null"/>
	<license_type type="null"/>
	<licenseUrl type="null"/>
	<grant_ids type="list">
		<item type="str"/>
	</grant_ids>
	<updated type="str">3/10/2024</updated>
	<added type="str">11/17/2023</added>
	<orcid_profile type="null"/>
	<member_id type="str"/>
	<published_print type="null"/>
	<published_online type="str">10/5/2023</published_online>
	<reuse_license_start_date type="null"/>
	<type type="str">journal-article</type>
	<archived_status type="str">Unknown</archived_status>
	<datasets type="null"/>
	<agency_portal_url type="null"/>
	<funders type="list">
		<item type="str">National Institute of Food and Agriculture</item>
	</funders>
	<funderIDs type="list">
		<item type="str">10.13039/100005825</item>
	</funderIDs>
	<RORID type="list">
		<item type="str">https://ror.org/05qx3fv49</item>
	</RORID>
	<auditSource type="str"/>
	<Funder_Source type="str">Crossref</Funder_Source>
</all>
