<mods xmlns="http://www.loc.gov/mods/v3" xmlns:xsi="http://www.w3.org/2001/XMLSchema-instance" version="3.7" xsi:schemaLocation="http://www.loc.gov/mods/v3 http://www.loc.gov/standards/mods/v3/mods-3-7.xsd">
  <titleInfo>
    <title>Human TLR8 induces inflammatory bone marrow erythromyeloblastic islands and anemia in SLE-prone mice</title>
  </titleInfo>
  <name type="personal" usage="primary">
    <namePart>Maria Naomi I</namePart>
    <role>
      <roleTerm type="text">author</roleTerm>
    </role>
    <affiliation>Institute of Molecular Medicine, Feinstein Institutes for Medical Research, Manhasset, NY, USA, Donald and Barbara Zucker School of Medicine at Northwell Health, Hempstead, NY, USA</affiliation>
  </name>
  <name type="personal">
    <namePart>Papoin Julien</namePart>
    <role>
      <roleTerm type="text">author</roleTerm>
    </role>
    <affiliation>Institute of Molecular Medicine, Feinstein Institutes for Medical Research, Manhasset, NY, USA, Donald and Barbara Zucker School of Medicine at Northwell Health, Hempstead, NY, USA</affiliation>
  </name>
  <name type="personal">
    <namePart>Raparia Chirag</namePart>
    <role>
      <roleTerm type="text">author</roleTerm>
    </role>
    <affiliation>Institute of Molecular Medicine, Feinstein Institutes for Medical Research, Manhasset, NY, USA, Donald and Barbara Zucker School of Medicine at Northwell Health, Hempstead, NY, USA</affiliation>
  </name>
  <name type="personal">
    <namePart>Sun Zeguo</namePart>
    <role>
      <roleTerm type="text">author</roleTerm>
    </role>
    <affiliation>Department of Medicine, Mount Sinai Medical Center, New York, NY, USA</affiliation>
  </name>
  <name type="personal">
    <namePart>Josselsohn Rachel</namePart>
    <role>
      <roleTerm type="text">author</roleTerm>
    </role>
    <affiliation>Institute of Molecular Medicine, Feinstein Institutes for Medical Research, Manhasset, NY, USA</affiliation>
  </name>
  <name type="personal">
    <namePart>Lu Ailing</namePart>
    <role>
      <roleTerm type="text">author</roleTerm>
    </role>
    <affiliation>Institute of Molecular Medicine, Feinstein Institutes for Medical Research, Manhasset, NY, USA</affiliation>
  </name>
  <name type="personal">
    <namePart>Katerji Hani</namePart>
    <role>
      <roleTerm type="text">author</roleTerm>
    </role>
    <affiliation>Department of Pathology, University of Rochester, Rochester, NY, USA</affiliation>
  </name>
  <name type="personal">
    <namePart>Syeda Mahrukh M</namePart>
    <role>
      <roleTerm type="text">author</roleTerm>
    </role>
    <affiliation>The Ronald O. Perelman Department of Dermatology, New York University Grossman School of Medicine, New York, NY, USA</affiliation>
  </name>
  <name type="personal">
    <namePart>Polsky David</namePart>
    <role>
      <roleTerm type="text">author</roleTerm>
    </role>
    <affiliation>The Ronald O. Perelman Department of Dermatology, New York University Grossman School of Medicine, New York, NY, USA</affiliation>
  </name>
  <name type="personal">
    <namePart>Paulson Robert</namePart>
    <role>
      <roleTerm type="text">author</roleTerm>
    </role>
    <affiliation>Department of Veterinary and Biomedical Sciences, Penn State College of Agricultural Sciences, University Park, PA, USA</affiliation>
  </name>
  <name type="personal">
    <namePart>Kalfa Theodosia</namePart>
    <role>
      <roleTerm type="text">author</roleTerm>
    </role>
    <affiliation>Cincinnati Children’s Hospital Medical Center, Cincinnati, OH, USA</affiliation>
  </name>
  <name type="personal">
    <namePart>Barnes Betsy J</namePart>
    <role>
      <roleTerm type="text">author</roleTerm>
    </role>
    <affiliation>Institute of Molecular Medicine, Feinstein Institutes for Medical Research, Manhasset, NY, USA, Donald and Barbara Zucker School of Medicine at Northwell Health, Hempstead, NY, USA</affiliation>
  </name>
  <name type="personal">
    <namePart>Zhang Weijia</namePart>
    <role>
      <roleTerm type="text">author</roleTerm>
    </role>
    <affiliation>Department of Medicine, Mount Sinai Medical Center, New York, NY, USA</affiliation>
  </name>
  <name type="personal">
    <namePart>Blanc Lionel</namePart>
    <role>
      <roleTerm type="text">author</roleTerm>
    </role>
    <affiliation>Institute of Molecular Medicine, Feinstein Institutes for Medical Research, Manhasset, NY, USA, Donald and Barbara Zucker School of Medicine at Northwell Health, Hempstead, NY, USA</affiliation>
  </name>
  <name type="personal">
    <namePart>Davidson Anne</namePart>
    <role>
      <roleTerm type="text">author</roleTerm>
    </role>
    <affiliation>Institute of Molecular Medicine, Feinstein Institutes for Medical Research, Manhasset, NY, USA, Donald and Barbara Zucker School of Medicine at Northwell Health, Hempstead, NY, USA</affiliation>
  </name>
  <typeOfResource>text</typeOfResource>
  <genre>article</genre>
  <originInfo>
    <dateIssued encoding="w3cdtf" keyDate="yes">2023-10</dateIssued>
    <dateOther encoding="w3cdtf" type="electronic">2023-07-26</dateOther>
  </originInfo>
  <relatedItem type="host">
    <titleInfo>
      <title>Life Science Alliance</title>
    </titleInfo>
    <originInfo>
      <publisher>Life Science Alliance, LLC</publisher>
    </originInfo>
  </relatedItem>
  <identifier type="doi">10.26508/lsa.202302241</identifier>
  <identifier type="chorus">10.26508/lsa.202302241</identifier>
  <location>
    <url displayLabel="Available from publisher's site">https://dx.doi.org/10.26508/lsa.202302241</url>
  </location>
  <accessCondition type="use and reproduction" displayLabel="Resource is Open Access">
    <program>
      <license_ref>http://purl.org/eprint/accessRights/OpenAccess</license_ref>
    </program>
  </accessCondition>
  <accessCondition type="use and reproduction" displayLabel="CHORUS License Information">
    <program xmlns="https://data.crossref.org/schemas/AccessIndicators.xsd">
      <license_ref applies_to="VOR" start_date="">https://creativecommons.org/licenses/by/4.0/</license_ref>
      <license_ref applies_to="reuse" start_date="2023-07-26"/>
    </program>
  </accessCondition>
  <extension>
    <vendorName>CHORUS</vendorName>
    <workingDirectory>/data/metadata/staging/chorus</workingDirectory>
    <funding-group specific-use="crossref">
      <award-group>
        <funding-source>
          <institution-wrap>
            <institution>HHS | NIH | National Heart, Lung, and Blood Institute</institution>
          </institution-wrap>
        </funding-source>
      </award-group>
      <award-group>
        <funding-source>
          <institution-wrap>
            <institution>Lupus Research Alliance</institution>
          </institution-wrap>
        </funding-source>
      </award-group>
      <award-group>
        <funding-source>
          <institution-wrap>
            <institution>USDA</institution>
          </institution-wrap>
        </funding-source>
      </award-group>
    </funding-group>
  </extension>
  <recordInfo>
    <recordCreationDate>2024-04-05T05:03:27-04:00</recordCreationDate>
    <recordOrigin>XML source generated via Python using CHORUS API JSON data; converted to MODS with chorus_to_mods.xsl</recordOrigin>
  </recordInfo>
</mods>
