<mods xmlns="http://www.loc.gov/mods/v3" xmlns:xsi="http://www.w3.org/2001/XMLSchema-instance" version="3.7" xsi:schemaLocation="http://www.loc.gov/mods/v3 http://www.loc.gov/standards/mods/v3/mods-3-7.xsd">
  <titleInfo>
    <title>Public health prevention and emergency preparedness funding in the United States: Are we ready for the next pandemic?</title>
  </titleInfo>
  <name type="personal" usage="primary">
    <namePart>Sen-Crowe Brendon</namePart>
    <role>
      <roleTerm type="text">author</roleTerm>
    </role>
  </name>
  <name type="personal">
    <namePart>McKenney Mark</namePart>
    <role>
      <roleTerm type="text">author</roleTerm>
    </role>
  </name>
  <name type="personal">
    <namePart>Elkbuli Adel</namePart>
    <role>
      <roleTerm type="text">author</roleTerm>
    </role>
  </name>
  <typeOfResource>text</typeOfResource>
  <genre>article</genre>
  <originInfo>
    <dateIssued encoding="w3cdtf" keyDate="yes">2020-11</dateIssued>
  </originInfo>
  <relatedItem type="host">
    <titleInfo>
      <title>Annals of Medicine and Surgery</title>
    </titleInfo>
    <originInfo>
      <publisher>Ovid Technologies (Wolters Kluwer Health)</publisher>
    </originInfo>
  </relatedItem>
  <identifier type="doi">10.1016/j.amsu.2020.10.007</identifier>
  <identifier type="chorus">10.1016/j.amsu.2020.10.007</identifier>
  <location>
    <url displayLabel="Available from publisher's site">https://dx.doi.org/10.1016/j.amsu.2020.10.007</url>
  </location>
  <extension>
    <vendorName>CHORUS</vendorName>
    <workingDirectory>/data/metadata/staging/chorus</workingDirectory>
    <funding-group specific-use="crossref">
      <award-group>
        <funding-source>
          <institution-wrap>
            <institution>CDC</institution>
          </institution-wrap>
        </funding-source>
      </award-group>
      <award-group>
        <funding-source>
          <institution-wrap>
            <institution>CDC</institution>
          </institution-wrap>
        </funding-source>
      </award-group>
      <award-group>
        <funding-source>
          <institution-wrap>
            <institution>Department of Agriculture</institution>
          </institution-wrap>
        </funding-source>
      </award-group>
      <award-group>
        <funding-source>
          <institution-wrap>
            <institution>NIH</institution>
          </institution-wrap>
        </funding-source>
      </award-group>
      <award-group>
        <funding-source>
          <institution-wrap>
            <institution>OPHPR</institution>
          </institution-wrap>
        </funding-source>
      </award-group>
      <award-group>
        <funding-source>
          <institution-wrap>
            <institution>OPHPR</institution>
          </institution-wrap>
        </funding-source>
      </award-group>
      <award-group>
        <funding-source>
          <institution-wrap>
            <institution>OPHPR</institution>
          </institution-wrap>
        </funding-source>
      </award-group>
      <award-group>
        <funding-source>
          <institution-wrap>
            <institution>USDA</institution>
          </institution-wrap>
        </funding-source>
      </award-group>
    </funding-group>
  </extension>
  <recordInfo>
    <recordCreationDate>2024-04-05T05:03:23-04:00</recordCreationDate>
    <recordOrigin>XML source generated via Python using CHORUS API JSON data; converted to MODS with chorus_to_mods.xsl</recordOrigin>
  </recordInfo>
</mods>
