<mods xmlns="http://www.loc.gov/mods/v3" xmlns:xsi="http://www.w3.org/2001/XMLSchema-instance" version="3.7" xsi:schemaLocation="http://www.loc.gov/mods/v3 http://www.loc.gov/standards/mods/v3/mods-3-7.xsd">
  <titleInfo>
    <title>Seismic diffraction separation in the near surface: Detection of high-contrast voids in unconsolidated soils</title>
  </titleInfo>
  <name type="personal" usage="primary">
    <namePart>Bakhtiari Rad Parsa</namePart>
    <role>
      <roleTerm type="text">author</roleTerm>
    </role>
    <affiliation>University of Mississippi, National Center for Physical Acoustics, 145 Hill Drive, Oxford, Mississippi 38677, USA.(corresponding author); .</affiliation>
  </name>
  <name type="personal">
    <namePart>Hickey Craig J.</namePart>
    <role>
      <roleTerm type="text">author</roleTerm>
    </role>
    <affiliation>University of Mississippi, National Center for Physical Acoustics, 145 Hill Drive, Oxford, Mississippi 38677, USA.(corresponding author); .</affiliation>
  </name>
  <typeOfResource>text</typeOfResource>
  <genre>article</genre>
  <originInfo>
    <dateIssued encoding="w3cdtf" keyDate="yes">2021-05-01</dateIssued>
    <dateOther encoding="w3cdtf" type="electronic">2021-03-11</dateOther>
  </originInfo>
  <relatedItem type="host">
    <titleInfo>
      <title>GEOPHYSICS</title>
    </titleInfo>
    <originInfo>
      <publisher>Society of Exploration Geophysicists</publisher>
    </originInfo>
  </relatedItem>
  <identifier type="doi">10.1190/geo2020-0366.1</identifier>
  <identifier type="chorus">10.1190/geo2020-0366.1</identifier>
  <location>
    <url displayLabel="Available from publisher's site">https://dx.doi.org/10.1190/geo2020-0366.1</url>
  </location>
  <extension>
    <vendorName>CHORUS</vendorName>
    <workingDirectory>/data/metadata/staging/chorus</workingDirectory>
    <funding-group specific-use="crossref">
      <award-group>
        <funding-source>
          <institution-wrap>
            <institution>Agricultural Research Service</institution>
          </institution-wrap>
        </funding-source>
      </award-group>
      <award-group>
        <funding-source>
          <institution-wrap>
            <institution>Office of Naval Research</institution>
          </institution-wrap>
        </funding-source>
      </award-group>
    </funding-group>
  </extension>
  <recordInfo>
    <recordCreationDate>2024-04-05T05:03:24-04:00</recordCreationDate>
    <recordOrigin>XML source generated via Python using CHORUS API JSON data; converted to MODS with chorus_to_mods.xsl</recordOrigin>
  </recordInfo>
</mods>
