<mods xmlns="http://www.loc.gov/mods/v3" xmlns:xsi="http://www.w3.org/2001/XMLSchema-instance" version="3.7" xsi:schemaLocation="http://www.loc.gov/mods/v3 http://www.loc.gov/standards/mods/v3/mods-3-7.xsd">
  <titleInfo>
    <title>Eliciting Stakeholder Perceptions Using a Novel Online Engagement Platform: A Case Study on Nano-Agrifoods</title>
  </titleInfo>
  <name type="personal" usage="primary">
    <namePart>Ruzante Juliana M.</namePart>
    <role>
      <roleTerm type="text">author</roleTerm>
    </role>
  </name>
  <name type="personal">
    <namePart>Shumaker Ellen Thomas</namePart>
    <role>
      <roleTerm type="text">author</roleTerm>
    </role>
  </name>
  <name type="personal">
    <namePart>Holt Sidney</namePart>
    <role>
      <roleTerm type="text">author</roleTerm>
    </role>
  </name>
  <name type="personal">
    <namePart>Mayer Susan</namePart>
    <role>
      <roleTerm type="text">author</roleTerm>
    </role>
  </name>
  <name type="personal">
    <namePart>Kokotovich Adam</namePart>
    <role>
      <roleTerm type="text">author</roleTerm>
    </role>
  </name>
  <name type="personal">
    <namePart>Cuchiara Maude</namePart>
    <role>
      <roleTerm type="text">author</roleTerm>
    </role>
  </name>
  <name type="personal">
    <namePart>Binder Andrew R.</namePart>
    <role>
      <roleTerm type="text">author</roleTerm>
    </role>
  </name>
  <name type="personal">
    <namePart>Kuzma Jennifer</namePart>
    <role>
      <roleTerm type="text">author</roleTerm>
    </role>
  </name>
  <name type="personal">
    <namePart>Grieger Khara</namePart>
    <role>
      <roleTerm type="text">author</roleTerm>
    </role>
  </name>
  <typeOfResource>text</typeOfResource>
  <genre>article</genre>
  <originInfo>
    <dateIssued encoding="w3cdtf" keyDate="yes">2022-01-20</dateIssued>
  </originInfo>
  <relatedItem type="host">
    <titleInfo>
      <title/>
    </titleInfo>
    <originInfo>
      <publisher>RTI Press</publisher>
    </originInfo>
  </relatedItem>
  <identifier type="doi">10.3768/rtipress.2022.op.0071.2201</identifier>
  <identifier type="chorus">10.3768/rtipress.2022.op.0071.2201</identifier>
  <location>
    <url displayLabel="Available from publisher's site">https://dx.doi.org/10.3768/rtipress.2022.op.0071.2201</url>
  </location>
  <accessCondition type="use and reproduction" displayLabel="Resource is Open Access">
    <program>
      <license_ref>http://purl.org/eprint/accessRights/OpenAccess</license_ref>
    </program>
  </accessCondition>
  <accessCondition type="use and reproduction" displayLabel="CHORUS License Information">
    <program xmlns="https://data.crossref.org/schemas/AccessIndicators.xsd">
      <license_ref applies_to="VOR" start_date="2022-01-22">https://creativecommons.org/licenses/by-nc-nd/4.0/</license_ref>
      <license_ref applies_to="reuse" start_date="2022-01-22"/>
    </program>
  </accessCondition>
  <extension>
    <vendorName>CHORUS</vendorName>
    <workingDirectory>/data/metadata/staging/chorus</workingDirectory>
    <funding-group specific-use="crossref">
      <award-group>
        <funding-source>
          <institution-wrap>
            <institution>USDA</institution>
          </institution-wrap>
        </funding-source>
      </award-group>
    </funding-group>
  </extension>
  <recordInfo>
    <recordCreationDate>2024-04-05T05:03:27-04:00</recordCreationDate>
    <recordOrigin>XML source generated via Python using CHORUS API JSON data; converted to MODS with chorus_to_mods.xsl</recordOrigin>
  </recordInfo>
</mods>
