<mods xmlns="http://www.loc.gov/mods/v3" xmlns:xsi="http://www.w3.org/2001/XMLSchema-instance" version="3.7" xsi:schemaLocation="http://www.loc.gov/mods/v3 http://www.loc.gov/standards/mods/v3/mods-3-7.xsd">
  <titleInfo>
    <title>Prostaglandin F2α regulates mitochondrial dynamics and mitophagy in the bovine corpus luteum</title>
  </titleInfo>
  <name type="personal" usage="primary">
    <namePart>Plewes Michele R</namePart>
    <role>
      <roleTerm type="text">author</roleTerm>
    </role>
    <affiliation>Olson Center for Women’s Health, Department of Obstetrics and Gynecology, University of Nebraska Medical Center, Department of Biochemistry and Molecular Biology, University of Nebraska Medical Center, U.S Department of Veterans Affairs Nebraska Western Iowa Health Care System, Omaha, NE, USA</affiliation>
  </name>
  <name type="personal">
    <namePart>Przygrodzka Emilia</namePart>
    <role>
      <roleTerm type="text">author</roleTerm>
    </role>
    <affiliation>Olson Center for Women’s Health, Department of Obstetrics and Gynecology, University of Nebraska Medical Center</affiliation>
  </name>
  <name type="personal">
    <namePart>Monaco Corrine F</namePart>
    <role>
      <roleTerm type="text">author</roleTerm>
    </role>
    <affiliation>Olson Center for Women’s Health, Department of Obstetrics and Gynecology, University of Nebraska Medical Center, Department of Cellular and Integrative Physiology, University of Nebraska Medical Center</affiliation>
  </name>
  <name type="personal">
    <namePart>Snider Alexandria P</namePart>
    <role>
      <roleTerm type="text">author</roleTerm>
    </role>
    <affiliation>Department of Animal Sciences, University of Nebraska–Lincoln, Lincoln, NE, USA</affiliation>
  </name>
  <name type="personal">
    <namePart>Keane Jessica A</namePart>
    <role>
      <roleTerm type="text">author</roleTerm>
    </role>
    <affiliation>Department of Animal Sciences, University of Nebraska–Lincoln, Lincoln, NE, USA</affiliation>
  </name>
  <name type="personal">
    <namePart>Burns Patrick D</namePart>
    <role>
      <roleTerm type="text">author</roleTerm>
    </role>
    <affiliation>Department of Biological Sciences, University of Northern Colorado</affiliation>
  </name>
  <name type="personal">
    <namePart>Wood Jennifer R</namePart>
    <role>
      <roleTerm type="text">author</roleTerm>
    </role>
    <affiliation>Department of Animal Sciences, University of Nebraska–Lincoln, Lincoln, NE, USA</affiliation>
  </name>
  <name type="personal">
    <namePart>Cupp Andrea S</namePart>
    <role>
      <roleTerm type="text">author</roleTerm>
    </role>
    <affiliation>Department of Animal Sciences, University of Nebraska–Lincoln, Lincoln, NE, USA</affiliation>
  </name>
  <name type="personal">
    <namePart>Davis John S</namePart>
    <role>
      <roleTerm type="text">author</roleTerm>
    </role>
    <affiliation>Olson Center for Women’s Health, Department of Obstetrics and Gynecology, University of Nebraska Medical Center, Department of Biochemistry and Molecular Biology, University of Nebraska Medical Center, U.S Department of Veterans Affairs Nebraska Western Iowa Health Care System, Omaha, NE, USA</affiliation>
  </name>
  <typeOfResource>text</typeOfResource>
  <genre>article</genre>
  <originInfo>
    <dateIssued encoding="w3cdtf" keyDate="yes">2023-07</dateIssued>
    <dateOther encoding="w3cdtf" type="electronic">2023-05-15</dateOther>
  </originInfo>
  <relatedItem type="host">
    <titleInfo>
      <title>Life Science Alliance</title>
    </titleInfo>
    <originInfo>
      <publisher>Life Science Alliance, LLC</publisher>
    </originInfo>
  </relatedItem>
  <identifier type="doi">10.26508/lsa.202301968</identifier>
  <identifier type="chorus">10.26508/lsa.202301968</identifier>
  <location>
    <url displayLabel="Available from publisher's site">https://dx.doi.org/10.26508/lsa.202301968</url>
  </location>
  <accessCondition type="use and reproduction" displayLabel="Resource is Open Access">
    <program>
      <license_ref>http://purl.org/eprint/accessRights/OpenAccess</license_ref>
    </program>
  </accessCondition>
  <accessCondition type="use and reproduction" displayLabel="CHORUS License Information">
    <program xmlns="https://data.crossref.org/schemas/AccessIndicators.xsd">
      <license_ref applies_to="VOR" start_date="">https://creativecommons.org/licenses/by/4.0/</license_ref>
      <license_ref applies_to="reuse" start_date="2023-05-15"/>
    </program>
  </accessCondition>
  <extension>
    <vendorName>CHORUS</vendorName>
    <workingDirectory>/data/metadata/staging/chorus</workingDirectory>
    <funding-group specific-use="crossref">
      <award-group>
        <funding-source>
          <institution-wrap>
            <institution>HHS | NIH | Eunice Kennedy Shriver National Institute of Child Health and Human Development</institution>
          </institution-wrap>
        </funding-source>
      </award-group>
      <award-group>
        <funding-source>
          <institution-wrap>
            <institution>HHS | NIH | Eunice Kennedy Shriver National Institute of Child Health and Human Development</institution>
          </institution-wrap>
        </funding-source>
      </award-group>
      <award-group>
        <funding-source>
          <institution-wrap>
            <institution>VA</institution>
          </institution-wrap>
        </funding-source>
      </award-group>
      <award-group>
        <funding-source>
          <institution-wrap>
            <institution>VA</institution>
          </institution-wrap>
        </funding-source>
      </award-group>
      <award-group>
        <funding-source>
          <institution-wrap>
            <institution>USDA</institution>
          </institution-wrap>
        </funding-source>
      </award-group>
      <award-group>
        <funding-source>
          <institution-wrap>
            <institution>USDA</institution>
          </institution-wrap>
        </funding-source>
      </award-group>
    </funding-group>
  </extension>
  <recordInfo>
    <recordCreationDate>2024-04-05T05:03:27-04:00</recordCreationDate>
    <recordOrigin>XML source generated via Python using CHORUS API JSON data; converted to MODS with chorus_to_mods.xsl</recordOrigin>
  </recordInfo>
</mods>
