<?xml version="1.0" encoding="UTF-8"?>
<mods xmlns="http://www.loc.gov/mods/v3"
      xmlns:mods="http://www.loc.gov/mods/v3"
      xmlns:xsi="http://www.w3.org/2001/XMLSchema-instance"
      version="3.7"
      xsi:schemaLocation="http://www.loc.gov/mods/v3 http://www.loc.gov/standards/mods/v3/mods-3-7.xsd">
   <titleInfo>
      <title>Effect of Structured Physical Activity on Overall Burden and Transitions Between States of Major Mobility Disability in Older Persons</title>
   </titleInfo>
   <name type="personal" usage="primary">
      <namePart type="family">Gill</namePart>
      <namePart type="given">Thomas M.</namePart>
      <displayForm>Gill, Thomas M.</displayForm>
      <affiliation>From Yale School of Medicine, New Haven, Connecticut; University of Maryland School of Medicine, Baltimore, Maryland; University of Florida, Gainesville, Florida; Pennington Biomedical Research Center, Baton Rouge, Louisiana; Tufts University, Boston, Massachusetts; Stanford School of Medicine, Stanford, California; Wake Forest University and Wake Forest School of Medicine, Winston-Salem, North Carolina; University of Pittsburgh, Pittsburgh, Pennsylvania;, and Northwestern University Feinberg School of Medicine, Chicago, Illinois.</affiliation>
      <role>
         <roleTerm type="text">author</roleTerm>
      </role>
      <nameIdentifier type="orcid">http://orcid.org/0000-0002-6450-0368</nameIdentifier>
   </name>
   <name type="personal">
      <namePart type="family">Guralnik</namePart>
      <namePart type="given">Jack M.</namePart>
      <displayForm>Guralnik, Jack M.</displayForm>
      <affiliation>From Yale School of Medicine, New Haven, Connecticut; University of Maryland School of Medicine, Baltimore, Maryland; University of Florida, Gainesville, Florida; Pennington Biomedical Research Center, Baton Rouge, Louisiana; Tufts University, Boston, Massachusetts; Stanford School of Medicine, Stanford, California; Wake Forest University and Wake Forest School of Medicine, Winston-Salem, North Carolina; University of Pittsburgh, Pittsburgh, Pennsylvania;, and Northwestern University Feinberg School of Medicine, Chicago, Illinois.</affiliation>
      <role>
         <roleTerm type="text">author</roleTerm>
      </role>
   </name>
   <name type="personal">
      <namePart type="family">Pahor</namePart>
      <namePart type="given">Marco</namePart>
      <displayForm>Pahor, Marco</displayForm>
      <affiliation>From Yale School of Medicine, New Haven, Connecticut; University of Maryland School of Medicine, Baltimore, Maryland; University of Florida, Gainesville, Florida; Pennington Biomedical Research Center, Baton Rouge, Louisiana; Tufts University, Boston, Massachusetts; Stanford School of Medicine, Stanford, California; Wake Forest University and Wake Forest School of Medicine, Winston-Salem, North Carolina; University of Pittsburgh, Pittsburgh, Pennsylvania;, and Northwestern University Feinberg School of Medicine, Chicago, Illinois.</affiliation>
      <role>
         <roleTerm type="text">author</roleTerm>
      </role>
   </name>
   <name type="personal">
      <namePart type="family">Church</namePart>
      <namePart type="given">Timothy</namePart>
      <displayForm>Church, Timothy</displayForm>
      <affiliation>From Yale School of Medicine, New Haven, Connecticut; University of Maryland School of Medicine, Baltimore, Maryland; University of Florida, Gainesville, Florida; Pennington Biomedical Research Center, Baton Rouge, Louisiana; Tufts University, Boston, Massachusetts; Stanford School of Medicine, Stanford, California; Wake Forest University and Wake Forest School of Medicine, Winston-Salem, North Carolina; University of Pittsburgh, Pittsburgh, Pennsylvania;, and Northwestern University Feinberg School of Medicine, Chicago, Illinois.</affiliation>
      <role>
         <roleTerm type="text">author</roleTerm>
      </role>
   </name>
   <name type="personal">
      <namePart type="family">Fielding</namePart>
      <namePart type="given">Roger A.</namePart>
      <displayForm>Fielding, Roger A.</displayForm>
      <affiliation>From Yale School of Medicine, New Haven, Connecticut; University of Maryland School of Medicine, Baltimore, Maryland; University of Florida, Gainesville, Florida; Pennington Biomedical Research Center, Baton Rouge, Louisiana; Tufts University, Boston, Massachusetts; Stanford School of Medicine, Stanford, California; Wake Forest University and Wake Forest School of Medicine, Winston-Salem, North Carolina; University of Pittsburgh, Pittsburgh, Pennsylvania;, and Northwestern University Feinberg School of Medicine, Chicago, Illinois.</affiliation>
      <role>
         <roleTerm type="text">author</roleTerm>
      </role>
   </name>
   <name type="personal">
      <namePart type="family">King</namePart>
      <namePart type="given">Abby C.</namePart>
      <displayForm>King, Abby C.</displayForm>
      <affiliation>From Yale School of Medicine, New Haven, Connecticut; University of Maryland School of Medicine, Baltimore, Maryland; University of Florida, Gainesville, Florida; Pennington Biomedical Research Center, Baton Rouge, Louisiana; Tufts University, Boston, Massachusetts; Stanford School of Medicine, Stanford, California; Wake Forest University and Wake Forest School of Medicine, Winston-Salem, North Carolina; University of Pittsburgh, Pittsburgh, Pennsylvania;, and Northwestern University Feinberg School of Medicine, Chicago, Illinois.</affiliation>
      <role>
         <roleTerm type="text">author</roleTerm>
      </role>
   </name>
   <name type="personal">
      <namePart type="family">Marsh</namePart>
      <namePart type="given">Anthony P.</namePart>
      <displayForm>Marsh, Anthony P.</displayForm>
      <affiliation>From Yale School of Medicine, New Haven, Connecticut; University of Maryland School of Medicine, Baltimore, Maryland; University of Florida, Gainesville, Florida; Pennington Biomedical Research Center, Baton Rouge, Louisiana; Tufts University, Boston, Massachusetts; Stanford School of Medicine, Stanford, California; Wake Forest University and Wake Forest School of Medicine, Winston-Salem, North Carolina; University of Pittsburgh, Pittsburgh, Pennsylvania;, and Northwestern University Feinberg School of Medicine, Chicago, Illinois.</affiliation>
      <role>
         <roleTerm type="text">author</roleTerm>
      </role>
   </name>
   <name type="personal">
      <namePart type="family">Newman</namePart>
      <namePart type="given">Anne B.</namePart>
      <displayForm>Newman, Anne B.</displayForm>
      <affiliation>From Yale School of Medicine, New Haven, Connecticut; University of Maryland School of Medicine, Baltimore, Maryland; University of Florida, Gainesville, Florida; Pennington Biomedical Research Center, Baton Rouge, Louisiana; Tufts University, Boston, Massachusetts; Stanford School of Medicine, Stanford, California; Wake Forest University and Wake Forest School of Medicine, Winston-Salem, North Carolina; University of Pittsburgh, Pittsburgh, Pennsylvania;, and Northwestern University Feinberg School of Medicine, Chicago, Illinois.</affiliation>
      <role>
         <roleTerm type="text">author</roleTerm>
      </role>
   </name>
   <name type="personal">
      <namePart type="family">Pellegrini</namePart>
      <namePart type="given">Christine A.</namePart>
      <displayForm>Pellegrini, Christine A.</displayForm>
      <affiliation>From Yale School of Medicine, New Haven, Connecticut; University of Maryland School of Medicine, Baltimore, Maryland; University of Florida, Gainesville, Florida; Pennington Biomedical Research Center, Baton Rouge, Louisiana; Tufts University, Boston, Massachusetts; Stanford School of Medicine, Stanford, California; Wake Forest University and Wake Forest School of Medicine, Winston-Salem, North Carolina; University of Pittsburgh, Pittsburgh, Pennsylvania;, and Northwestern University Feinberg School of Medicine, Chicago, Illinois.</affiliation>
      <role>
         <roleTerm type="text">author</roleTerm>
      </role>
   </name>
   <name type="personal">
      <namePart type="family">Chen</namePart>
      <namePart type="given">Shyh-Huei</namePart>
      <displayForm>Chen, Shyh-Huei</displayForm>
      <affiliation>From Yale School of Medicine, New Haven, Connecticut; University of Maryland School of Medicine, Baltimore, Maryland; University of Florida, Gainesville, Florida; Pennington Biomedical Research Center, Baton Rouge, Louisiana; Tufts University, Boston, Massachusetts; Stanford School of Medicine, Stanford, California; Wake Forest University and Wake Forest School of Medicine, Winston-Salem, North Carolina; University of Pittsburgh, Pittsburgh, Pennsylvania;, and Northwestern University Feinberg School of Medicine, Chicago, Illinois.</affiliation>
      <role>
         <roleTerm type="text">author</roleTerm>
      </role>
   </name>
   <name type="personal">
      <namePart type="family">Allore</namePart>
      <namePart type="given">Heather G.</namePart>
      <displayForm>Allore, Heather G.</displayForm>
      <affiliation>From Yale School of Medicine, New Haven, Connecticut; University of Maryland School of Medicine, Baltimore, Maryland; University of Florida, Gainesville, Florida; Pennington Biomedical Research Center, Baton Rouge, Louisiana; Tufts University, Boston, Massachusetts; Stanford School of Medicine, Stanford, California; Wake Forest University and Wake Forest School of Medicine, Winston-Salem, North Carolina; University of Pittsburgh, Pittsburgh, Pennsylvania;, and Northwestern University Feinberg School of Medicine, Chicago, Illinois.</affiliation>
      <role>
         <roleTerm type="text">author</roleTerm>
      </role>
      <nameIdentifier type="orcid">http://orcid.org/0000-0001-7685-8175</nameIdentifier>
   </name>
   <name type="personal">
      <namePart type="family">Miller</namePart>
      <namePart type="given">Michael E.</namePart>
      <displayForm>Miller, Michael E.</displayForm>
      <affiliation>From Yale School of Medicine, New Haven, Connecticut; University of Maryland School of Medicine, Baltimore, Maryland; University of Florida, Gainesville, Florida; Pennington Biomedical Research Center, Baton Rouge, Louisiana; Tufts University, Boston, Massachusetts; Stanford School of Medicine, Stanford, California; Wake Forest University and Wake Forest School of Medicine, Winston-Salem, North Carolina; University of Pittsburgh, Pittsburgh, Pennsylvania;, and Northwestern University Feinberg School of Medicine, Chicago, Illinois.</affiliation>
      <role>
         <roleTerm type="text">author</roleTerm>
      </role>
   </name>
   <name type="personal">
      <namePart type="family">undefined</namePart>
      <namePart type="given">undefined undefined</namePart>
      <displayForm>undefined, undefined undefined</displayForm>
      <role>
         <roleTerm type="text">author</roleTerm>
      </role>
   </name>
   <typeOfResource>text</typeOfResource>
   <genre>article</genre>
   <originInfo>
      <dateIssued encoding="w3cdtf" keyDate="yes">2016-12-20</dateIssued>
      <dateOther encoding="w3cdtf" type="electronic">2016-09-27</dateOther>
   </originInfo>
   <relatedItem type="host">
      <titleInfo>
         <title>Annals of Internal Medicine</title>
      </titleInfo>
      <originInfo>
         <publisher>American College of Physicians</publisher>
      </originInfo>
   </relatedItem>
   <identifier type="doi">10.7326/m16-0529</identifier>
   <identifier type="chorus">10.7326/m16-0529</identifier>
   <location>
      <url displayLabel="Available from publisher's site">https://dx.doi.org/10.7326/m16-0529</url>
   </location>
   <extension>
      <vendorName>CHORUS</vendorName>
      <workingDirectory>/data/metadata/staging/chorus</workingDirectory>
      <funding-group specific-use="crossref">
         <award-group>
            <funding-source>
               <institution-wrap>
                  <institution>National Center for Advancing Translational Sciences</institution>
                  <institution_id type="doi">https://doi.org/10.13039/100006108</institution_id>
               </institution-wrap>
            </funding-source>
            <funding-source>
               <institution-wrap>
                  <institution>National Heart, Lung, and Blood Institute</institution>
                  <institution_id type="doi">https://doi.org/10.13039/100000050</institution_id>
               </institution-wrap>
            </funding-source>
            <funding-source>
               <institution-wrap>
                  <institution>National Institute of Child Health and Human Development</institution>
                  <institution_id type="doi">https://doi.org/10.13039/100000071</institution_id>
               </institution-wrap>
            </funding-source>
            <funding-source>
               <institution-wrap>
                  <institution>National Institute on Aging</institution>
                  <institution_id type="doi">https://doi.org/10.13039/100000049</institution_id>
               </institution-wrap>
            </funding-source>
            <funding-source>
               <institution-wrap>
                  <institution>USDA</institution>
                  <institution_id type="doi">https://doi.org/10.13039/100000199</institution_id>
               </institution-wrap>
            </funding-source>
         </award-group>
      </funding-group>
   </extension>
   <recordInfo>
      <recordCreationDate>2024-04-30T21:53:37.062069-04:00</recordCreationDate>
      <recordOrigin>XML source generated via Python using CHORUS API JSON data; converted to MODS with chorus_to_mods.xsl</recordOrigin>
   </recordInfo>
</mods>
