<?xml version="1.0" encoding="UTF-8"?>
<mods xmlns="http://www.loc.gov/mods/v3"
      xmlns:mods="http://www.loc.gov/mods/v3"
      xmlns:xsi="http://www.w3.org/2001/XMLSchema-instance"
      version="3.7"
      xsi:schemaLocation="http://www.loc.gov/mods/v3 http://www.loc.gov/standards/mods/v3/mods-3-7.xsd">
   <titleInfo>
      <title>Public health prevention and emergency preparedness funding in the United States: Are we ready for the next pandemic?</title>
   </titleInfo>
   <name type="personal" usage="primary">
      <namePart type="family">Sen-Crowe</namePart>
      <namePart type="given">Brendon</namePart>
      <displayForm>Sen-Crowe, Brendon</displayForm>
      <role>
         <roleTerm type="text">author</roleTerm>
      </role>
   </name>
   <name type="personal">
      <namePart type="family">McKenney</namePart>
      <namePart type="given">Mark</namePart>
      <displayForm>McKenney, Mark</displayForm>
      <role>
         <roleTerm type="text">author</roleTerm>
      </role>
   </name>
   <name type="personal">
      <namePart type="family">Elkbuli</namePart>
      <namePart type="given">Adel</namePart>
      <displayForm>Elkbuli, Adel</displayForm>
      <role>
         <roleTerm type="text">author</roleTerm>
      </role>
   </name>
   <typeOfResource>text</typeOfResource>
   <genre>article</genre>
   <originInfo>
      <dateIssued encoding="w3cdtf" keyDate="yes">2020-11</dateIssued>
   </originInfo>
   <relatedItem type="host">
      <titleInfo>
         <title>Annals of Medicine and Surgery</title>
      </titleInfo>
      <originInfo>
         <publisher>Ovid Technologies (Wolters Kluwer Health)</publisher>
      </originInfo>
   </relatedItem>
   <identifier type="doi">10.1016/j.amsu.2020.10.007</identifier>
   <identifier type="chorus">10.1016/j.amsu.2020.10.007</identifier>
   <location>
      <url displayLabel="Available from publisher's site">https://dx.doi.org/10.1016/j.amsu.2020.10.007</url>
   </location>
   <extension>
      <vendorName>CHORUS</vendorName>
      <workingDirectory>/data/metadata/staging/chorus</workingDirectory>
      <funding-group specific-use="crossref">
         <award-group>
            <funding-source>
               <institution-wrap>
                  <institution>CDC</institution>
                  <institution_id type="doi">https://doi.org/10.13039/100000030</institution_id>
               </institution-wrap>
            </funding-source>
            <funding-source>
               <institution-wrap>
                  <institution>CDC</institution>
                  <institution_id type="doi">https://doi.org/10.13039/100000030</institution_id>
               </institution-wrap>
            </funding-source>
            <funding-source>
               <institution-wrap>
                  <institution>Department of Agriculture</institution>
                  <institution_id type="doi">https://doi.org/10.13039/501100003526</institution_id>
               </institution-wrap>
            </funding-source>
            <funding-source>
               <institution-wrap>
                  <institution>NIH</institution>
                  <institution_id type="doi">https://doi.org/10.13039/100000002</institution_id>
               </institution-wrap>
            </funding-source>
            <funding-source>
               <institution-wrap>
                  <institution>OPHPR</institution>
                  <institution_id type="doi">https://doi.org/10.13039/100005195</institution_id>
               </institution-wrap>
            </funding-source>
            <funding-source>
               <institution-wrap>
                  <institution>OPHPR</institution>
                  <institution_id type="doi">https://doi.org/10.13039/100005195</institution_id>
               </institution-wrap>
            </funding-source>
            <funding-source>
               <institution-wrap>
                  <institution>OPHPR</institution>
                  <institution_id type="doi">https://doi.org/10.13039/100005195</institution_id>
               </institution-wrap>
            </funding-source>
            <funding-source>
               <institution-wrap>
                  <institution>USDA</institution>
                  <institution_id type="doi">https://doi.org/10.13039/100000199</institution_id>
               </institution-wrap>
            </funding-source>
         </award-group>
      </funding-group>
   </extension>
   <recordInfo>
      <recordCreationDate>2024-04-30T21:53:33.389046-04:00</recordCreationDate>
      <recordOrigin>XML source generated via Python using CHORUS API JSON data; converted to MODS with chorus_to_mods.xsl</recordOrigin>
   </recordInfo>
</mods>
