<?xml version="1.0" encoding="UTF-8"?>
<mods xmlns="http://www.loc.gov/mods/v3"
      xmlns:mods="http://www.loc.gov/mods/v3"
      xmlns:xsi="http://www.w3.org/2001/XMLSchema-instance"
      version="3.7"
      xsi:schemaLocation="http://www.loc.gov/mods/v3 http://www.loc.gov/standards/mods/v3/mods-3-7.xsd">
   <titleInfo>
      <title>Wind Sensing and Estimation Using Small Fixed-Wing Unmanned Aerial Vehicles: A Survey</title>
   </titleInfo>
   <name type="personal" usage="primary">
      <namePart type="family">Tian</namePart>
      <namePart type="given">Pengzhi</namePart>
      <displayForm>Tian, Pengzhi</displayForm>
      <affiliation>University of Kansas, Lawrence, Kansas 66045</affiliation>
      <role>
         <roleTerm type="text">author</roleTerm>
      </role>
   </name>
   <name type="personal">
      <namePart type="family">Chao</namePart>
      <namePart type="given">Haiyang</namePart>
      <displayForm>Chao, Haiyang</displayForm>
      <affiliation>University of Kansas, Lawrence, Kansas 66045</affiliation>
      <role>
         <roleTerm type="text">author</roleTerm>
      </role>
   </name>
   <name type="personal">
      <namePart type="family">Rhudy</namePart>
      <namePart type="given">Matthew</namePart>
      <displayForm>Rhudy, Matthew</displayForm>
      <affiliation>Pennsylvania State University, Reading, Pennsylvania 19610</affiliation>
      <role>
         <roleTerm type="text">author</roleTerm>
      </role>
   </name>
   <name type="personal">
      <namePart type="family">Gross</namePart>
      <namePart type="given">Jason</namePart>
      <displayForm>Gross, Jason</displayForm>
      <affiliation>West Virginia University, Morgantown, West Virginia 26506</affiliation>
      <role>
         <roleTerm type="text">author</roleTerm>
      </role>
   </name>
   <name type="personal">
      <namePart type="family">Wu</namePart>
      <namePart type="given">Huixuan</namePart>
      <displayForm>Wu, Huixuan</displayForm>
      <affiliation>University of Kansas, Lawrence, Kansas 66045</affiliation>
      <role>
         <roleTerm type="text">author</roleTerm>
      </role>
   </name>
   <typeOfResource>text</typeOfResource>
   <genre>article</genre>
   <originInfo>
      <dateIssued encoding="w3cdtf" keyDate="yes">2021-03</dateIssued>
   </originInfo>
   <relatedItem type="host">
      <titleInfo>
         <title>Journal of Aerospace Information Systems</title>
      </titleInfo>
      <originInfo>
         <publisher>American Institute of Aeronautics and Astronautics (AIAA)</publisher>
      </originInfo>
   </relatedItem>
   <identifier type="doi">10.2514/1.i010885</identifier>
   <identifier type="chorus">10.2514/1.i010885</identifier>
   <location>
      <url displayLabel="Available from publisher's site">https://dx.doi.org/10.2514/1.i010885</url>
   </location>
   <accessCondition type="use and reproduction" displayLabel="Resource is Open Access">
      <program>
         <license_ref>http://purl.org/eprint/accessRights/OpenAccess</license_ref>
      </program>
   </accessCondition>
   <accessCondition type="use and reproduction" displayLabel="CHORUS License Information">
      <program xmlns="https://data.crossref.org/schemas/AccessIndicators.xsd">
         <license_ref applies_to="AM" start_date="">https://www.aiaa.org/userlicenses/1.0/#CompEndUserLicense</license_ref>
         <license_ref applies_to="reuse" start_date="2022-01-31"/>
      </program>
   </accessCondition>
   <extension>
      <vendorName>CHORUS</vendorName>
      <workingDirectory>/data/metadata/staging/chorus</workingDirectory>
      <funding-group specific-use="crossref">
         <award-group>
            <funding-source>
               <institution-wrap>
                  <institution>National Institute of Food and Agriculture</institution>
                  <institution_id type="doi">https://doi.org/10.13039/100005825</institution_id>
               </institution-wrap>
            </funding-source>
         </award-group>
      </funding-group>
   </extension>
   <recordInfo>
      <recordCreationDate>2024-04-30T21:53:36.503648-04:00</recordCreationDate>
      <recordOrigin>XML source generated via Python using CHORUS API JSON data; converted to MODS with chorus_to_mods.xsl</recordOrigin>
   </recordInfo>
</mods>
