<?xml version="1.0" encoding="UTF-8"?>
<mods xmlns="http://www.loc.gov/mods/v3"
      xmlns:mods="http://www.loc.gov/mods/v3"
      xmlns:xsi="http://www.w3.org/2001/XMLSchema-instance"
      version="3.7"
      xsi:schemaLocation="http://www.loc.gov/mods/v3 http://www.loc.gov/standards/mods/v3/mods-3-7.xsd">
   <titleInfo>
      <title>All-dry free radical polymerization inside nanopores: Ion-milling-enabled coating thickness profiling revealed “necking” phenomena</title>
   </titleInfo>
   <name type="personal" usage="primary">
      <namePart type="family">Cheng</namePart>
      <namePart type="given">Yifan</namePart>
      <displayForm>Cheng, Yifan</displayForm>
      <affiliation>Cornell University, Robert Frederick Smith School of Chemical and Biomolecular Engineering , 6-44 Ho Plaza, Ithaca, New York 14853</affiliation>
      <role>
         <roleTerm type="text">author</roleTerm>
      </role>
   </name>
   <name type="personal">
      <namePart type="family">Khlyustova</namePart>
      <namePart type="given">Alexandra</namePart>
      <displayForm>Khlyustova, Alexandra</displayForm>
      <affiliation>Cornell University, Robert Frederick Smith School of Chemical and Biomolecular Engineering , 6-44 Ho Plaza, Ithaca, New York 14853</affiliation>
      <role>
         <roleTerm type="text">author</roleTerm>
      </role>
   </name>
   <name type="personal">
      <namePart type="family">Yang</namePart>
      <namePart type="given">Rong</namePart>
      <displayForm>Yang, Rong</displayForm>
      <affiliation>Cornell University, Robert Frederick Smith School of Chemical and Biomolecular Engineering , 6-44 Ho Plaza, Ithaca, New York 14853</affiliation>
      <role>
         <roleTerm type="text">author</roleTerm>
      </role>
   </name>
   <typeOfResource>text</typeOfResource>
   <genre>article</genre>
   <originInfo>
      <dateIssued encoding="w3cdtf" keyDate="yes">2022-05-01</dateIssued>
      <dateOther encoding="w3cdtf" type="electronic">2022-04-07</dateOther>
   </originInfo>
   <relatedItem type="host">
      <titleInfo>
         <title>Journal of Vacuum Science &amp;amp; Technology A</title>
      </titleInfo>
      <originInfo>
         <publisher>American Vacuum Society</publisher>
      </originInfo>
   </relatedItem>
   <identifier type="doi">10.1116/6.0001718</identifier>
   <identifier type="chorus">10.1116/6.0001718</identifier>
   <location>
      <url displayLabel="Available from publisher's site">https://dx.doi.org/10.1116/6.0001718</url>
   </location>
   <accessCondition type="use and reproduction" displayLabel="Resource is Open Access">
      <program>
         <license_ref>http://purl.org/eprint/accessRights/OpenAccess</license_ref>
      </program>
   </accessCondition>
   <accessCondition type="use and reproduction" displayLabel="CHORUS License Information">
      <program xmlns="https://data.crossref.org/schemas/AccessIndicators.xsd">
         <license_ref applies_to="AM" start_date="">https://publishing.aip.org/authors/rights-and-permissions</license_ref>
         <license_ref applies_to="reuse" start_date="2023-04-07"/>
      </program>
   </accessCondition>
   <extension>
      <vendorName>CHORUS</vendorName>
      <workingDirectory>/data/metadata/staging/chorus</workingDirectory>
      <funding-group specific-use="crossref">
         <award-group>
            <funding-source>
               <institution-wrap>
                  <institution>National Institute of Food and Agriculture</institution>
                  <institution_id type="doi">https://doi.org/10.13039/100005825</institution_id>
               </institution-wrap>
            </funding-source>
            <funding-source>
               <institution-wrap>
                  <institution>NSF</institution>
                  <institution_id type="doi">https://doi.org/10.13039/100000001</institution_id>
               </institution-wrap>
            </funding-source>
            <funding-source>
               <institution-wrap>
                  <institution>NSF</institution>
                  <institution_id type="doi">https://doi.org/10.13039/100000001</institution_id>
               </institution-wrap>
            </funding-source>
            <funding-source>
               <institution-wrap>
                  <institution>NSF</institution>
                  <institution_id type="doi">https://doi.org/10.13039/100000001</institution_id>
               </institution-wrap>
            </funding-source>
         </award-group>
      </funding-group>
   </extension>
   <recordInfo>
      <recordCreationDate>2024-04-30T21:53:34.477351-04:00</recordCreationDate>
      <recordOrigin>XML source generated via Python using CHORUS API JSON data; converted to MODS with chorus_to_mods.xsl</recordOrigin>
   </recordInfo>
</mods>
