<mods xmlns="http://www.loc.gov/mods/v3" xmlns:xsi="http://www.w3.org/2001/XMLSchema-instance" version="3.7" xsi:schemaLocation="http://www.loc.gov/mods/v3 http://www.loc.gov/standards/mods/v3/mods-3-7.xsd">
  <titleInfo>
    <title>Effect of Structured Physical Activity on Overall Burden and Transitions Between States of Major Mobility Disability in Older Persons</title>
  </titleInfo>
  <name type="personal" usage="primary">
    <namePart>Gill Thomas M.</namePart>
    <role>
      <roleTerm type="text">author</roleTerm>
    </role>
    <affiliation>From Yale School of Medicine, New Haven, Connecticut; University of Maryland School of Medicine, Baltimore, Maryland; University of Florida, Gainesville, Florida; Pennington Biomedical Research Center, Baton Rouge, Louisiana; Tufts University, Boston, Massachusetts; Stanford School of Medicine, Stanford, California; Wake Forest University and Wake Forest School of Medicine, Winston-Salem, North Carolina; University of Pittsburgh, Pittsburgh, Pennsylvania;, and Northwestern University Feinberg School of Medicine, Chicago, Illinois.</affiliation>
    <nameIdentifier>http://orcid.org/0000-0002-6450-0368</nameIdentifier>
  </name>
  <name type="personal">
    <namePart>Guralnik Jack M.</namePart>
    <role>
      <roleTerm type="text">author</roleTerm>
    </role>
    <affiliation>From Yale School of Medicine, New Haven, Connecticut; University of Maryland School of Medicine, Baltimore, Maryland; University of Florida, Gainesville, Florida; Pennington Biomedical Research Center, Baton Rouge, Louisiana; Tufts University, Boston, Massachusetts; Stanford School of Medicine, Stanford, California; Wake Forest University and Wake Forest School of Medicine, Winston-Salem, North Carolina; University of Pittsburgh, Pittsburgh, Pennsylvania;, and Northwestern University Feinberg School of Medicine, Chicago, Illinois.</affiliation>
  </name>
  <name type="personal">
    <namePart>Pahor Marco</namePart>
    <role>
      <roleTerm type="text">author</roleTerm>
    </role>
    <affiliation>From Yale School of Medicine, New Haven, Connecticut; University of Maryland School of Medicine, Baltimore, Maryland; University of Florida, Gainesville, Florida; Pennington Biomedical Research Center, Baton Rouge, Louisiana; Tufts University, Boston, Massachusetts; Stanford School of Medicine, Stanford, California; Wake Forest University and Wake Forest School of Medicine, Winston-Salem, North Carolina; University of Pittsburgh, Pittsburgh, Pennsylvania;, and Northwestern University Feinberg School of Medicine, Chicago, Illinois.</affiliation>
  </name>
  <name type="personal">
    <namePart>Church Timothy</namePart>
    <role>
      <roleTerm type="text">author</roleTerm>
    </role>
    <affiliation>From Yale School of Medicine, New Haven, Connecticut; University of Maryland School of Medicine, Baltimore, Maryland; University of Florida, Gainesville, Florida; Pennington Biomedical Research Center, Baton Rouge, Louisiana; Tufts University, Boston, Massachusetts; Stanford School of Medicine, Stanford, California; Wake Forest University and Wake Forest School of Medicine, Winston-Salem, North Carolina; University of Pittsburgh, Pittsburgh, Pennsylvania;, and Northwestern University Feinberg School of Medicine, Chicago, Illinois.</affiliation>
  </name>
  <name type="personal">
    <namePart>Fielding Roger A.</namePart>
    <role>
      <roleTerm type="text">author</roleTerm>
    </role>
    <affiliation>From Yale School of Medicine, New Haven, Connecticut; University of Maryland School of Medicine, Baltimore, Maryland; University of Florida, Gainesville, Florida; Pennington Biomedical Research Center, Baton Rouge, Louisiana; Tufts University, Boston, Massachusetts; Stanford School of Medicine, Stanford, California; Wake Forest University and Wake Forest School of Medicine, Winston-Salem, North Carolina; University of Pittsburgh, Pittsburgh, Pennsylvania;, and Northwestern University Feinberg School of Medicine, Chicago, Illinois.</affiliation>
  </name>
  <name type="personal">
    <namePart>King Abby C.</namePart>
    <role>
      <roleTerm type="text">author</roleTerm>
    </role>
    <affiliation>From Yale School of Medicine, New Haven, Connecticut; University of Maryland School of Medicine, Baltimore, Maryland; University of Florida, Gainesville, Florida; Pennington Biomedical Research Center, Baton Rouge, Louisiana; Tufts University, Boston, Massachusetts; Stanford School of Medicine, Stanford, California; Wake Forest University and Wake Forest School of Medicine, Winston-Salem, North Carolina; University of Pittsburgh, Pittsburgh, Pennsylvania;, and Northwestern University Feinberg School of Medicine, Chicago, Illinois.</affiliation>
  </name>
  <name type="personal">
    <namePart>Marsh Anthony P.</namePart>
    <role>
      <roleTerm type="text">author</roleTerm>
    </role>
    <affiliation>From Yale School of Medicine, New Haven, Connecticut; University of Maryland School of Medicine, Baltimore, Maryland; University of Florida, Gainesville, Florida; Pennington Biomedical Research Center, Baton Rouge, Louisiana; Tufts University, Boston, Massachusetts; Stanford School of Medicine, Stanford, California; Wake Forest University and Wake Forest School of Medicine, Winston-Salem, North Carolina; University of Pittsburgh, Pittsburgh, Pennsylvania;, and Northwestern University Feinberg School of Medicine, Chicago, Illinois.</affiliation>
  </name>
  <name type="personal">
    <namePart>Newman Anne B.</namePart>
    <role>
      <roleTerm type="text">author</roleTerm>
    </role>
    <affiliation>From Yale School of Medicine, New Haven, Connecticut; University of Maryland School of Medicine, Baltimore, Maryland; University of Florida, Gainesville, Florida; Pennington Biomedical Research Center, Baton Rouge, Louisiana; Tufts University, Boston, Massachusetts; Stanford School of Medicine, Stanford, California; Wake Forest University and Wake Forest School of Medicine, Winston-Salem, North Carolina; University of Pittsburgh, Pittsburgh, Pennsylvania;, and Northwestern University Feinberg School of Medicine, Chicago, Illinois.</affiliation>
  </name>
  <name type="personal">
    <namePart>Pellegrini Christine A.</namePart>
    <role>
      <roleTerm type="text">author</roleTerm>
    </role>
    <affiliation>From Yale School of Medicine, New Haven, Connecticut; University of Maryland School of Medicine, Baltimore, Maryland; University of Florida, Gainesville, Florida; Pennington Biomedical Research Center, Baton Rouge, Louisiana; Tufts University, Boston, Massachusetts; Stanford School of Medicine, Stanford, California; Wake Forest University and Wake Forest School of Medicine, Winston-Salem, North Carolina; University of Pittsburgh, Pittsburgh, Pennsylvania;, and Northwestern University Feinberg School of Medicine, Chicago, Illinois.</affiliation>
  </name>
  <name type="personal">
    <namePart>Chen Shyh-Huei</namePart>
    <role>
      <roleTerm type="text">author</roleTerm>
    </role>
    <affiliation>From Yale School of Medicine, New Haven, Connecticut; University of Maryland School of Medicine, Baltimore, Maryland; University of Florida, Gainesville, Florida; Pennington Biomedical Research Center, Baton Rouge, Louisiana; Tufts University, Boston, Massachusetts; Stanford School of Medicine, Stanford, California; Wake Forest University and Wake Forest School of Medicine, Winston-Salem, North Carolina; University of Pittsburgh, Pittsburgh, Pennsylvania;, and Northwestern University Feinberg School of Medicine, Chicago, Illinois.</affiliation>
  </name>
  <name type="personal">
    <namePart>Allore Heather G.</namePart>
    <role>
      <roleTerm type="text">author</roleTerm>
    </role>
    <affiliation>From Yale School of Medicine, New Haven, Connecticut; University of Maryland School of Medicine, Baltimore, Maryland; University of Florida, Gainesville, Florida; Pennington Biomedical Research Center, Baton Rouge, Louisiana; Tufts University, Boston, Massachusetts; Stanford School of Medicine, Stanford, California; Wake Forest University and Wake Forest School of Medicine, Winston-Salem, North Carolina; University of Pittsburgh, Pittsburgh, Pennsylvania;, and Northwestern University Feinberg School of Medicine, Chicago, Illinois.</affiliation>
    <nameIdentifier>http://orcid.org/0000-0001-7685-8175</nameIdentifier>
  </name>
  <name type="personal">
    <namePart>Miller Michael E.</namePart>
    <role>
      <roleTerm type="text">author</roleTerm>
    </role>
    <affiliation>From Yale School of Medicine, New Haven, Connecticut; University of Maryland School of Medicine, Baltimore, Maryland; University of Florida, Gainesville, Florida; Pennington Biomedical Research Center, Baton Rouge, Louisiana; Tufts University, Boston, Massachusetts; Stanford School of Medicine, Stanford, California; Wake Forest University and Wake Forest School of Medicine, Winston-Salem, North Carolina; University of Pittsburgh, Pittsburgh, Pennsylvania;, and Northwestern University Feinberg School of Medicine, Chicago, Illinois.</affiliation>
  </name>
  <name type="personal">
    <namePart>undefined undefined</namePart>
    <role>
      <roleTerm type="text">author</roleTerm>
    </role>
  </name>
  <typeOfResource>text</typeOfResource>
  <genre>article</genre>
  <originInfo>
    <dateIssued encoding="w3cdtf" keyDate="yes">2016-12-20</dateIssued>
    <dateOther encoding="w3cdtf" type="electronic">2016-09-27</dateOther>
  </originInfo>
  <relatedItem type="host">
    <titleInfo>
      <title>Annals of Internal Medicine</title>
    </titleInfo>
    <originInfo>
      <publisher>American College of Physicians</publisher>
    </originInfo>
  </relatedItem>
  <identifier type="doi">10.7326/m16-0529</identifier>
  <identifier type="chorus">10.7326/m16-0529</identifier>
  <location>
    <url displayLabel="Available from publisher's site">https://dx.doi.org/10.7326/m16-0529</url>
  </location>
  <extension>
    <vendorName>CHORUS</vendorName>
    <workingDirectory>/data/metadata/staging/chorus</workingDirectory>
    <funding-group specific-use="crossref">
      <award-group>
        <funding-source>
          <institution-wrap>
            <institution>National Center for Advancing Translational Sciences</institution>
          </institution-wrap>
        </funding-source>
      </award-group>
      <award-group>
        <funding-source>
          <institution-wrap>
            <institution>National Heart, Lung, and Blood Institute</institution>
          </institution-wrap>
        </funding-source>
      </award-group>
      <award-group>
        <funding-source>
          <institution-wrap>
            <institution>National Institute of Child Health and Human Development</institution>
          </institution-wrap>
        </funding-source>
      </award-group>
      <award-group>
        <funding-source>
          <institution-wrap>
            <institution>National Institute on Aging</institution>
          </institution-wrap>
        </funding-source>
      </award-group>
      <award-group>
        <funding-source>
          <institution-wrap>
            <institution>USDA</institution>
          </institution-wrap>
        </funding-source>
      </award-group>
    </funding-group>
  </extension>
  <recordInfo>
    <recordCreationDate>2024-04-05T05:03:21-04:00</recordCreationDate>
    <recordOrigin>XML source generated via Python using CHORUS API JSON data; converted to MODS with chorus_to_mods.xsl</recordOrigin>
  </recordInfo>
</mods>
