<mods xmlns="http://www.loc.gov/mods/v3" xmlns:xsi="http://www.w3.org/2001/XMLSchema-instance" version="3.7" xsi:schemaLocation="http://www.loc.gov/mods/v3 http://www.loc.gov/standards/mods/v3/mods-3-7.xsd">
  <titleInfo>
    <title>Magnesium Intake, Quality of Carbohydrates, and Risk of Type 2 Diabetes: Results From Three U.S. Cohorts</title>
  </titleInfo>
  <name type="personal" usage="primary">
    <namePart>Hruby Adela</namePart>
    <role>
      <roleTerm type="text">author</roleTerm>
    </role>
    <affiliation>Nutritional Epidemiology Program, Jean Mayer USDA Human Nutrition Research Center on Aging, Tufts University, Boston, MA, Department of Nutrition, Harvard T.H. Chan School of Public Health, Boston, MA</affiliation>
  </name>
  <name type="personal">
    <namePart>Guasch-Ferré Marta</namePart>
    <role>
      <roleTerm type="text">author</roleTerm>
    </role>
    <affiliation>Department of Nutrition, Harvard T.H. Chan School of Public Health, Boston, MA</affiliation>
    <nameIdentifier>http://orcid.org/0000-0001-8525-1404</nameIdentifier>
  </name>
  <name type="personal">
    <namePart>Bhupathiraju Shilpa N.</namePart>
    <role>
      <roleTerm type="text">author</roleTerm>
    </role>
    <affiliation>Department of Nutrition, Harvard T.H. Chan School of Public Health, Boston, MA, Channing Division of Network Medicine, Brigham and Women’s Hospital and Harvard Medical School, Boston, MA</affiliation>
  </name>
  <name type="personal">
    <namePart>Manson JoAnn E.</namePart>
    <role>
      <roleTerm type="text">author</roleTerm>
    </role>
    <affiliation>Division of Preventive Medicine, Brigham and Women’s Hospital and Harvard Medical School, Boston, MA, Department of Epidemiology, Harvard T.H. Chan School of Public Health, Boston, MA</affiliation>
  </name>
  <name type="personal">
    <namePart>Willett Walter C.</namePart>
    <role>
      <roleTerm type="text">author</roleTerm>
    </role>
    <affiliation>Department of Nutrition, Harvard T.H. Chan School of Public Health, Boston, MA, Channing Division of Network Medicine, Brigham and Women’s Hospital and Harvard Medical School, Boston, MA, Department of Epidemiology, Harvard T.H. Chan School of Public Health, Boston, MA</affiliation>
  </name>
  <name type="personal">
    <namePart>McKeown Nicola M.</namePart>
    <role>
      <roleTerm type="text">author</roleTerm>
    </role>
    <affiliation>Nutritional Epidemiology Program, Jean Mayer USDA Human Nutrition Research Center on Aging, Tufts University, Boston, MA</affiliation>
  </name>
  <name type="personal">
    <namePart>Hu Frank B.</namePart>
    <role>
      <roleTerm type="text">author</roleTerm>
    </role>
    <affiliation>Department of Nutrition, Harvard T.H. Chan School of Public Health, Boston, MA, Channing Division of Network Medicine, Brigham and Women’s Hospital and Harvard Medical School, Boston, MA, Department of Epidemiology, Harvard T.H. Chan School of Public Health, Boston, MA</affiliation>
  </name>
  <typeOfResource>text</typeOfResource>
  <genre>article</genre>
  <originInfo>
    <dateIssued encoding="w3cdtf" keyDate="yes">2017-12-01</dateIssued>
    <dateOther encoding="w3cdtf" type="electronic">2017-10-04</dateOther>
  </originInfo>
  <relatedItem type="host">
    <titleInfo>
      <title>Diabetes Care</title>
    </titleInfo>
    <originInfo>
      <publisher>American Diabetes Association</publisher>
    </originInfo>
  </relatedItem>
  <identifier type="doi">10.2337/dc17-1143</identifier>
  <identifier type="chorus">10.2337/dc17-1143</identifier>
  <location>
    <url displayLabel="Available from publisher's site">https://dx.doi.org/10.2337/dc17-1143</url>
  </location>
  <extension>
    <vendorName>CHORUS</vendorName>
    <workingDirectory>/data/metadata/staging/chorus</workingDirectory>
    <funding-group specific-use="crossref">
      <award-group>
        <funding-source>
          <institution-wrap>
            <institution>Agricultural Research Service</institution>
          </institution-wrap>
        </funding-source>
      </award-group>
      <award-group>
        <funding-source>
          <institution-wrap>
            <institution>NIDDK</institution>
          </institution-wrap>
        </funding-source>
      </award-group>
      <award-group>
        <funding-source>
          <institution-wrap>
            <institution>National Cancer Institute</institution>
          </institution-wrap>
        </funding-source>
      </award-group>
      <award-group>
        <funding-source>
          <institution-wrap>
            <institution>National Heart, Lung, and Blood Institute</institution>
          </institution-wrap>
        </funding-source>
      </award-group>
      <award-group>
        <funding-source>
          <institution-wrap>
            <institution>National Institute of Diabetes and Digestive and Kidney Diseases</institution>
          </institution-wrap>
        </funding-source>
      </award-group>
    </funding-group>
  </extension>
  <recordInfo>
    <recordCreationDate>2024-04-05T05:03:21-04:00</recordCreationDate>
    <recordOrigin>XML source generated via Python using CHORUS API JSON data; converted to MODS with chorus_to_mods.xsl</recordOrigin>
  </recordInfo>
</mods>
