<mods xmlns="http://www.loc.gov/mods/v3" xmlns:xsi="http://www.w3.org/2001/XMLSchema-instance" version="3.7" xsi:schemaLocation="http://www.loc.gov/mods/v3 http://www.loc.gov/standards/mods/v3/mods-3-7.xsd">
  <titleInfo>
    <title>Preschoolers' Self-Regulation and Behavior Problems in the Midst of Caregiver Depression and Chaos</title>
  </titleInfo>
  <name type="personal" usage="primary">
    <namePart>Kowalski Alysse J.</namePart>
    <role>
      <roleTerm type="text">author</roleTerm>
    </role>
    <affiliation>Department of Pediatrics, University of Maryland School of Medicine, Baltimore, MD;</affiliation>
  </name>
  <name type="personal">
    <namePart>Wang Yan</namePart>
    <role>
      <roleTerm type="text">author</roleTerm>
    </role>
    <affiliation>Department of Prevention and Community Health, Milken Institute School of Public Health, The George Washington University, Washington, DC;</affiliation>
  </name>
  <name type="personal">
    <namePart>Armstrong Bridget</namePart>
    <role>
      <roleTerm type="text">author</roleTerm>
    </role>
    <affiliation>Department of Exercise Science, Arnold School of Public Health, University of South Carolina, Columbia, SC;</affiliation>
  </name>
  <name type="personal">
    <namePart>Trude Angela C. B.</namePart>
    <role>
      <roleTerm type="text">author</roleTerm>
    </role>
    <affiliation>Department of Nutrition and Food Studies, New York University Steinhardt School of Culture, Education, and Human Development, New York, NY;</affiliation>
  </name>
  <name type="personal">
    <namePart>Hager Erin</namePart>
    <role>
      <roleTerm type="text">author</roleTerm>
    </role>
    <affiliation>Department of Population, Family and Reproductive Health, Johns Hopkins Bloomberg School of Public Health, Baltimore, MD; and</affiliation>
  </name>
  <name type="personal">
    <namePart>Black Maureen M.</namePart>
    <role>
      <roleTerm type="text">author</roleTerm>
    </role>
    <affiliation>Department of Pediatrics, University of Maryland School of Medicine, Baltimore, MD;, RTI International, Research Triangle Park, NC.</affiliation>
  </name>
  <typeOfResource>text</typeOfResource>
  <genre>article</genre>
  <originInfo>
    <dateIssued encoding="w3cdtf" keyDate="yes">2024-02-20</dateIssued>
  </originInfo>
  <relatedItem type="host">
    <titleInfo>
      <title>Journal of Developmental &amp;amp; Behavioral Pediatrics</title>
    </titleInfo>
    <originInfo>
      <publisher>Ovid Technologies (Wolters Kluwer Health)</publisher>
    </originInfo>
  </relatedItem>
  <identifier type="doi">10.1097/dbp.0000000000001244</identifier>
  <identifier type="chorus">10.1097/dbp.0000000000001244</identifier>
  <location>
    <url displayLabel="Available from publisher's site">https://dx.doi.org/10.1097/dbp.0000000000001244</url>
  </location>
  <extension>
    <vendorName>CHORUS</vendorName>
    <workingDirectory>/data/metadata/staging/chorus</workingDirectory>
    <funding-group specific-use="crossref">
      <award-group>
        <funding-source>
          <institution-wrap>
            <institution>Institute for Clinical and Translational Research, University of Maryland, Baltimore</institution>
          </institution-wrap>
        </funding-source>
      </award-group>
      <award-group>
        <funding-source>
          <institution-wrap>
            <institution>Institute for Clinical and Translational Research, University of Maryland, Baltimore</institution>
          </institution-wrap>
        </funding-source>
      </award-group>
      <award-group>
        <funding-source>
          <institution-wrap>
            <institution>National Institute of Diabetes and Digestive and Kidney Diseases</institution>
          </institution-wrap>
        </funding-source>
      </award-group>
      <award-group>
        <funding-source>
          <institution-wrap>
            <institution>USDA</institution>
          </institution-wrap>
        </funding-source>
      </award-group>
    </funding-group>
  </extension>
  <recordInfo>
    <recordCreationDate>2024-04-05T05:03:23-04:00</recordCreationDate>
    <recordOrigin>XML source generated via Python using CHORUS API JSON data; converted to MODS with chorus_to_mods.xsl</recordOrigin>
  </recordInfo>
</mods>
